City_ID,City,Country,Date,Lat,Lng,Max Temp,Humidity,Cloudiness,Wind Speed
0,Bluff,NZ,2021-10-26 00:52:34,-46.6,168.3333,54.01,88,99,10.49
1,Kavieng,PG,2021-10-26 00:50:46,-2.5744,150.7967,84.02,69,43,4.81
2,Tuktoyaktuk,CA,2021-10-26 00:52:35,69.4541,-133.0374,30.2,100,90,9.22
3,Iraucuba,BR,2021-10-26 00:52:35,-3.7461,-39.7833,76.55,75,9,6.35
4,Saint-Philippe,RE,2021-10-26 00:49:24,-21.3585,55.7679,71.15,81,38,13.58
5,Hobart,AU,2021-10-26 00:52:36,-42.8794,147.3294,61.02,56,75,1.99
6,Bambous Virieux,MU,2021-10-26 00:49:53,-20.3428,57.7575,73.65,78,40,12.66
7,Jamestown,US,2021-10-26 00:49:14,42.097,-79.2353,57.33,93,20,0.0
8,Hilo,US,2021-10-26 00:50:44,19.7297,-155.09,88.29,78,75,11.5
9,Letterkenny,IE,2021-10-26 00:52:36,54.95,-7.7333,48.7,94,100,9.62
10,Cockburn Town,TC,2021-10-26 00:52:37,21.4612,-71.1419,82.89,78,48,16.8
11,Katsuura,JP,2021-10-26 00:52:37,35.1333,140.3,60.91,88,100,28.1
12,Nieuw Amsterdam,SR,2021-10-26 00:52:37,5.8833,-55.0833,82.42,85,40,6.91
13,Koslan,RU,2021-10-26 00:52:38,63.4564,48.8989,27.95,89,100,1.01
14,Gotsu,JP,2021-10-26 00:52:38,35.0,132.2167,57.34,69,47,2.89
15,Punta Arenas,CL,2021-10-26 00:49:31,-53.15,-70.9167,42.82,75,75,6.91
16,Huesca,ES,2021-10-26 00:52:39,42.1362,-0.4087,51.96,71,0,0.0
17,Ponta Delgada,PT,2021-10-26 00:52:39,37.7333,-25.6667,68.72,77,40,6.91
18,Alice Springs,AU,2021-10-26 00:52:40,-23.7,133.8833,89.15,31,0,17.27
19,Asfi,MA,2021-10-26 00:52:40,32.2994,-9.2372,66.49,88,80,9.1
20,Bandarbeyla,SO,2021-10-26 00:52:40,9.4942,50.8122,75.42,84,76,0.87
21,Kashi,CN,2021-10-26 00:52:41,39.4547,75.9797,43.81,45,0,8.95
22,Faanui,PF,2021-10-26 00:52:41,-16.4833,-151.75,73.92,92,100,6.93
23,Upernavik,GL,2021-10-26 00:52:42,72.7868,-56.1549,15.28,59,7,5.55
24,Nikolskoye,RU,2021-10-26 00:52:42,59.7035,30.7861,44.4,89,100,9.48
25,Longyearbyen,SJ,2021-10-26 00:52:43,78.2186,15.6401,17.44,62,0,11.5
26,Bethel,US,2021-10-26 00:49:22,41.3712,-73.414,66.99,91,90,1.99
27,Avarua,CK,2021-10-26 00:52:43,-21.2078,-159.775,75.25,64,75,12.66
28,Makubetsu,JP,2021-10-26 00:52:43,45.3714,141.8211,56.91,88,20,10.36
29,Puerto Ayora,EC,2021-10-26 00:52:44,-0.7393,-90.3518,68.56,94,92,3.0
30,Chokurdakh,RU,2021-10-26 00:52:44,70.6333,147.9167,-21.51,100,29,1.88
31,Mataura,NZ,2021-10-26 00:50:09,-46.1927,168.8643,69.13,58,83,2.95
32,Panama City,PA,2021-10-26 00:51:59,8.9936,-79.5197,82.06,89,40,3.44
33,Monrovia,LR,2021-10-26 00:52:34,6.3005,-10.7969,76.77,88,100,7.58
34,Dom Pedrito,BR,2021-10-26 00:52:45,-30.9828,-54.6731,60.93,79,0,6.6
35,Itarema,BR,2021-10-26 00:52:45,-2.9248,-39.9167,79.84,74,5,15.84
36,Tautira,PF,2021-10-26 00:52:46,-17.7333,-149.15,80.62,75,100,3.85
37,Severo-Kurilsk,RU,2021-10-26 00:49:11,50.6789,156.125,46.63,77,59,14.63
38,Ponta Do Sol,PT,2021-10-26 00:52:46,32.6667,-17.1,69.01,67,1,6.31
39,Thompson,CA,2021-10-26 00:52:46,55.7435,-97.8558,35.76,80,40,3.44
40,Bergkamen,DE,2021-10-26 00:52:47,51.6333,7.6333,52.83,91,90,9.22
41,Bredasdorp,ZA,2021-10-26 00:49:40,-34.5322,20.0403,61.29,94,100,7.2
42,Salinas,US,2021-10-26 00:52:47,36.6777,-121.6555,63.41,70,75,12.66
43,Cape Town,ZA,2021-10-26 00:48:01,-33.9258,18.4232,63.88,63,0,1.99
44,Codrington,AU,2021-10-26 00:52:48,-38.2667,141.9667,60.35,49,96,7.65
45,Paka,MY,2021-10-26 00:52:49,4.6374,103.4368,78.73,89,20,3.44
46,Chuy,UY,2021-10-26 00:51:01,-33.6971,-53.4616,59.81,79,0,6.55
47,Husavik,IS,2021-10-26 00:52:49,66.0449,-17.3389,26.51,78,91,7.27
48,Saint-Francois,FR,2021-10-26 00:52:50,46.4154,3.9054,50.68,96,90,2.3
49,Flin Flon,CA,2021-10-26 00:52:50,54.7682,-101.865,41.61,68,100,17.34
50,Nha Trang,VN,2021-10-26 00:52:17,12.25,109.1833,78.8,90,100,10.4
51,Vaini,TO,2021-10-26 00:49:51,-21.2,-175.2,80.76,74,20,11.5
52,Yayva,RU,2021-10-26 00:52:51,59.3303,57.2641,27.18,89,100,6.98
53,Songjianghe,CN,2021-10-26 00:52:52,42.1859,127.479,46.13,66,100,7.76
54,Provideniya,RU,2021-10-26 00:52:52,64.3833,-173.3,23.11,58,75,6.71
55,Rikitea,PF,2021-10-26 00:49:15,-23.1203,-134.9692,75.63,71,100,18.14
56,Lebedinyy,RU,2021-10-26 00:52:52,58.5167,125.5167,28.8,94,99,7.85
57,Busselton,AU,2021-10-26 00:49:12,-33.65,115.3333,52.05,65,98,1.07
58,Ambovombe,MG,2021-10-26 00:52:53,-25.1667,46.0833,72.99,82,35,7.07
59,Fereydun Kenar,IR,2021-10-26 00:52:53,36.6864,52.5225,64.17,80,100,9.1
60,Hermanus,ZA,2021-10-26 00:52:53,-34.4187,19.2345,61.81,86,100,12.68
61,Qaanaaq,GL,2021-10-26 00:50:27,77.484,-69.3632,4.21,62,100,14.85
62,Zonguldak,TR,2021-10-26 00:52:54,41.25,31.8333,37.38,84,0,3.53
63,Kirakira,SB,2021-10-26 00:52:54,-10.4544,161.9205,86.95,64,6,11.74
64,Albany,US,2021-10-26 00:50:37,42.6001,-73.9662,55.63,90,100,4.45
65,Sulangan,PH,2021-10-26 00:52:55,11.1373,123.7228,82.67,77,100,11.99
66,Khatanga,RU,2021-10-26 00:52:55,71.9667,102.5,4.32,96,100,5.93
67,Constitucion,CL,2021-10-26 00:52:28,-35.3333,-72.4167,58.24,76,84,14.5
68,Bosaso,SO,2021-10-26 00:52:56,11.2842,49.1816,78.24,67,11,4.68
69,Sept-Iles,CA,2021-10-26 00:50:53,50.2001,-66.3821,40.05,91,1,1.99
70,Saskylakh,RU,2021-10-26 00:49:38,71.9167,114.0833,-1.52,98,100,2.39
71,Ancud,CL,2021-10-26 00:51:36,-41.8697,-73.8203,51.42,96,100,14.72
72,Bagotville,AU,2021-10-26 00:52:57,-28.9833,153.4167,73.42,76,72,9.95
73,Sterling,US,2021-10-26 00:51:03,39.0062,-77.4286,65.08,97,90,3.0
74,Opuwo,NA,2021-10-26 00:50:51,-18.0607,13.84,65.59,28,7,6.93
75,Miles City,US,2021-10-26 00:52:57,46.4083,-105.8406,58.17,58,1,8.05
76,Ust-Tsilma,RU,2021-10-26 00:52:57,65.441,52.1498,17.22,97,75,3.87
77,Kaitangata,NZ,2021-10-26 00:49:37,-46.2817,169.8464,56.12,78,100,7.54
78,Guerrero Negro,MX,2021-10-26 00:52:58,27.9769,-114.0611,66.99,75,0,17.34
79,Yulara,AU,2021-10-26 00:51:46,-25.2406,130.9889,85.84,32,0,9.22
80,Morondava,MG,2021-10-26 00:52:59,-20.2833,44.2833,77.54,70,82,2.06
81,Jalu,LY,2021-10-26 00:52:59,29.0331,21.5482,72.73,37,11,13.31
82,Ensley,US,2021-10-26 00:53:00,30.5188,-87.2728,78.69,89,1,4.61
83,Avera,US,2021-10-26 00:53:00,33.194,-82.5271,72.91,84,18,10.45
84,Kutum,SD,2021-10-26 00:53:00,14.2,24.6667,70.97,24,56,8.19
85,Ushuaia,AR,2021-10-26 00:49:39,-54.8,-68.3,35.26,80,20,18.41
86,Barrow,US,2021-10-26 00:51:47,71.2906,-156.7887,24.82,86,90,13.8
87,Esperance,AU,2021-10-26 00:49:54,-33.8667,121.9,55.24,63,59,5.7
88,Sungaipenuh,ID,2021-10-26 00:53:01,-2.0833,101.3833,71.02,82,100,0.65
89,Plouzane,FR,2021-10-26 00:53:02,48.3833,-4.6167,57.25,97,90,8.05
90,Kudahuvadhoo,MV,2021-10-26 00:53:02,2.6708,72.8944,82.9,74,100,16.82
91,Tessalit,ML,2021-10-26 00:53:03,20.1986,1.0114,83.03,20,51,8.59
92,Kapaa,US,2021-10-26 00:52:10,22.0752,-159.319,79.2,82,90,1.99
93,Salalah,OM,2021-10-26 00:51:14,17.0151,54.0924,74.52,69,77,2.64
94,Chutove,UA,2021-10-26 00:53:04,49.7104,35.1603,31.78,65,0,4.45
95,Rundu,NA,2021-10-26 00:53:04,-17.9333,19.7667,74.01,56,100,2.51
96,Hopkinsville,US,2021-10-26 00:53:04,36.8656,-87.4886,54.55,83,100,8.99
97,Hamilton,US,2021-10-26 00:53:05,39.1834,-84.5333,54.37,93,90,1.01
98,Shingu,JP,2021-10-26 00:53:05,33.7333,135.9833,65.39,61,0,4.54
99,Richards Bay,ZA,2021-10-26 00:53:05,-28.783,32.0377,63.12,96,100,3.29
100,Atuona,PF,2021-10-26 00:49:11,-9.8,-139.0333,78.1,72,25,17.11
101,Kodiak,US,2021-10-26 00:53:06,57.79,-152.4072,40.41,90,100,10.09
102,Uusikaupunki,FI,2021-10-26 00:53:06,60.8004,21.4084,46.92,91,93,12.3
103,Cagliliog,PH,2021-10-26 00:53:07,13.9016,123.2913,82.17,81,100,9.13
104,Hithadhoo,MV,2021-10-26 00:53:07,-0.6,73.0833,82.81,67,100,15.35
105,Asadabad,IR,2021-10-26 00:53:07,34.7824,48.1185,44.47,29,0,2.8
106,College,US,2021-10-26 00:49:48,64.8569,-147.8028,30.58,90,90,4.61
107,Ramhormoz,IR,2021-10-26 00:53:08,31.28,49.6035,67.66,19,0,3.4
108,Nikel,RU,2021-10-26 00:53:09,69.4128,30.222,26.78,94,100,8.1
109,Chute-Aux-Outardes,CA,2021-10-26 00:53:09,49.1168,-68.399,43.11,100,1,4.61
110,El Ejido,ES,2021-10-26 00:53:10,36.7763,-2.8146,63.68,72,100,10.54
111,Port Hardy,CA,2021-10-26 00:49:26,50.6996,-127.4199,51.8,87,90,10.36
112,Lebu,CL,2021-10-26 00:53:11,-37.6167,-73.65,52.48,93,13,13.82
113,Yellowknife,CA,2021-10-26 00:53:11,62.456,-114.3525,42.42,94,90,6.91
114,Padang,ID,2021-10-26 00:53:11,-0.9492,100.3543,75.25,82,83,3.71
115,Narsaq,GL,2021-10-26 00:53:12,60.9167,-46.05,32.25,46,3,7.56
116,Alofi,NU,2021-10-26 00:53:12,-19.0595,-169.9187,82.29,61,75,14.97
117,Butaritari,KI,2021-10-26 00:53:12,3.0707,172.7902,81.9,74,2,6.51
118,Poum,NC,2021-10-26 00:53:13,-20.2333,164.0167,76.46,67,76,11.92
119,Saint-Paul,RE,2021-10-26 00:53:13,-21.0096,55.2707,71.69,86,19,1.01
120,Port Alfred,ZA,2021-10-26 00:49:29,-33.5906,26.891,62.01,87,10,14.34
121,Lashio,MM,2021-10-26 00:53:14,22.9333,97.75,65.25,99,99,0.56
122,Jiehu,CN,2021-10-26 00:53:14,35.5428,118.455,58.8,64,100,4.61
123,Labuhan,ID,2021-10-26 00:53:14,-6.8844,112.2051,84.4,66,28,6.04
124,Cherskiy,RU,2021-10-26 00:51:45,68.75,161.3,-7.38,92,100,2.04
125,Hokitika,NZ,2021-10-26 00:53:15,-42.7167,170.9667,56.89,94,100,5.1
126,Ilam,NP,2021-10-26 00:53:15,26.9167,87.9167,58.48,86,0,5.41
127,Vagur,FO,2021-10-26 00:53:15,61.4732,-6.8119,47.52,71,34,15.26
128,Diego De Almagro,CL,2021-10-26 00:53:16,-26.3667,-70.05,63.43,38,0,1.23
129,Outram,MY,2021-10-26 00:53:16,1.2829,103.8379,84.78,81,75,3.44
130,Vila Franca Do Campo,PT,2021-10-26 00:53:16,37.7167,-25.4333,68.41,81,8,6.93
131,San Vicente De Canete,PE,2021-10-26 00:53:17,-13.0751,-76.3835,62.08,84,96,5.06
132,La Ronge,CA,2021-10-26 00:53:17,55.1001,-105.2842,43.05,65,90,20.71
133,Sola,VU,2021-10-26 00:53:18,-13.8833,167.55,86.67,74,24,3.44
134,Port Lincoln,AU,2021-10-26 00:49:59,-34.7333,135.8667,72.68,39,100,17.05
135,Lodja,CD,2021-10-26 00:53:18,-3.4833,23.4333,69.01,99,100,1.63
136,Soria,ES,2021-10-26 00:53:19,41.6667,-2.6667,42.85,67,15,4.09
137,Yar-Sale,RU,2021-10-26 00:53:19,66.8333,70.8333,19.56,90,92,5.01
138,Tezu,IN,2021-10-26 00:53:19,27.9167,96.1667,70.48,66,1,2.59
139,Pacific Grove,US,2021-10-26 00:51:00,36.6177,-121.9166,63.0,80,40,8.01
140,Moerai,PF,2021-10-26 00:48:39,-22.4333,-151.3333,73.06,74,100,20.04
141,Ilulissat,GL,2021-10-26 00:50:41,69.2167,-51.1,-1.62,81,0,4.45
142,La Reforma,MX,2021-10-26 00:53:21,25.0833,-108.05,84.15,76,0,8.79
143,Port Keats,AU,2021-10-26 00:53:21,-14.25,129.55,92.39,51,1,4.14
144,Chingola,ZM,2021-10-26 00:53:21,-12.529,27.8838,63.64,67,10,3.51
145,Lavrentiya,RU,2021-10-26 00:53:22,65.5833,-171.0,18.3,75,100,9.35
146,Rantepao,ID,2021-10-26 00:53:22,-2.9701,119.8978,79.47,71,49,2.89
147,Iqaluit,CA,2021-10-26 00:53:23,63.7506,-68.5145,31.73,86,90,11.01
148,Leona Vicario,MX,2021-10-26 00:53:23,20.9667,-87.1917,83.89,97,75,3.13
149,Cuamba,MZ,2021-10-26 00:53:23,-14.8031,36.5372,74.88,68,5,6.87
150,Balagansk,RU,2021-10-26 00:53:24,54.0103,103.0544,39.2,63,92,4.94
151,Sao Filipe,CV,2021-10-26 00:53:24,14.8961,-24.4956,79.12,77,92,7.2
152,Srednekolymsk,RU,2021-10-26 00:53:24,67.45,153.6833,-1.59,93,52,4.47
153,Dikson,RU,2021-10-26 00:51:39,73.5069,80.5464,13.68,84,100,15.75
154,Mutare,ZW,2021-10-26 00:53:25,-18.9707,32.6709,62.28,94,70,5.21
155,Les Cayes,HT,2021-10-26 00:53:25,18.2,-73.75,78.12,78,97,2.68
156,Kenai,US,2021-10-26 00:53:26,60.5544,-151.2583,41.02,75,75,3.44
157,Chapais,CA,2021-10-26 00:53:26,49.7834,-74.8492,37.18,89,99,4.83
158,Jacareacanga,BR,2021-10-26 00:53:27,-6.2222,-57.7528,76.5,82,14,0.56
159,Saldanha,ZA,2021-10-26 00:53:27,-33.0117,17.9442,62.65,68,100,10.18
160,The Pas,CA,2021-10-26 00:53:27,53.8251,-101.2541,42.82,70,1,20.71
161,North Bend,US,2021-10-26 00:53:28,43.4065,-124.2243,56.86,95,90,12.66
162,Parintins,BR,2021-10-26 00:51:14,-2.6283,-56.7358,75.69,89,8,1.34
163,Pundaguitan,PH,2021-10-26 00:53:29,6.3711,126.1689,82.11,76,96,4.59
164,Yaan,NG,2021-10-26 00:53:29,7.3833,8.5667,73.6,94,63,7.58
165,Sikonge,TZ,2021-10-26 00:53:29,-5.6333,32.7667,70.43,48,100,6.6
166,Bahir Dar,ET,2021-10-26 00:53:30,11.5936,37.3908,57.31,81,56,3.71
167,Kahului,US,2021-10-26 00:50:22,20.8947,-156.47,84.22,71,20,25.32
168,Sabha,LY,2021-10-26 00:53:30,27.0377,14.4283,70.99,27,0,8.12
169,Linxia,CN,2021-10-26 00:53:31,35.6003,103.2064,37.58,98,100,3.53
170,Sao Joao Da Barra,BR,2021-10-26 00:53:31,-21.6403,-41.0511,71.04,87,100,7.4
171,Lebanon,US,2021-10-26 00:53:32,36.2081,-86.2911,57.42,74,90,11.5
172,Caravelas,BR,2021-10-26 00:53:32,-17.7125,-39.2481,75.42,93,100,4.21
173,Carnarvon,AU,2021-10-26 00:51:11,-24.8667,113.6333,66.27,63,75,13.8
174,Hay River,CA,2021-10-26 00:53:32,60.8156,-115.7999,42.78,81,75,6.91
175,Rawah,IQ,2021-10-26 00:53:33,34.4816,41.9093,65.66,35,69,4.92
176,Pitimbu,BR,2021-10-26 00:53:33,-7.4706,-34.8086,81.19,68,100,12.86
177,Ribeira Grande,PT,2021-10-26 00:53:33,38.5167,-28.7,68.85,75,34,20.69
178,Nanortalik,GL,2021-10-26 00:53:34,60.1432,-45.2371,34.43,62,62,11.81
179,Isangel,VU,2021-10-26 00:49:34,-19.55,169.2667,84.31,70,75,16.11
180,Chudovo,RU,2021-10-26 00:53:34,59.1167,31.6833,36.1,89,100,8.5
181,Bareli,IN,2021-10-26 00:53:35,28.35,79.4167,64.29,73,0,6.33
182,Port Elizabeth,ZA,2021-10-26 00:49:17,-33.918,25.5701,62.89,88,0,10.36
183,Soledar,UA,2021-10-26 00:53:35,48.6794,38.089,32.18,54,0,0.25
184,Orebro,SE,2021-10-26 00:53:36,59.2741,15.2066,49.59,56,90,9.22
185,Ageyevo,RU,2021-10-26 00:53:36,54.1588,36.4693,32.27,75,100,9.17
186,Natal,BR,2021-10-26 00:53:36,-5.795,-35.2094,81.25,78,40,12.66
187,Sitka,US,2021-10-26 00:53:37,57.0531,-135.33,45.48,84,100,3.71
188,Lagos De Moreno,MX,2021-10-26 00:52:24,21.35,-101.9167,58.82,87,100,5.39
189,Evensk,RU,2021-10-26 00:49:41,61.95,159.2333,18.72,76,1,4.36
190,Tasiilaq,GL,2021-10-26 00:50:51,65.6145,-37.6368,31.33,80,100,8.39
191,Mabay,PH,2021-10-26 00:53:37,6.0577,124.4666,82.31,74,98,2.15
192,Bengkulu,ID,2021-10-26 00:53:38,-3.8004,102.2655,77.59,83,100,2.53
193,Axim,GH,2021-10-26 00:53:38,4.8699,-2.2405,78.08,87,100,9.13
194,Mar Del Plata,AR,2021-10-26 00:49:11,-38.0023,-57.5575,57.87,76,0,4.0
195,Taksimo,RU,2021-10-26 00:53:39,56.3444,114.8794,30.22,77,100,2.24
196,Saint George,US,2021-10-26 00:53:39,37.1041,-113.5841,75.67,30,1,3.0
197,Bubaque,GW,2021-10-26 00:53:39,11.2833,-15.8333,82.29,74,100,4.61
198,Misratah,LY,2021-10-26 00:53:40,32.3754,15.0925,71.01,69,0,13.71
199,Agadez,NE,2021-10-26 00:53:41,19.75,10.25,80.33,13,0,6.15
200,Najran,SA,2021-10-26 00:53:41,17.4924,44.1277,59.65,20,0,1.74
201,Los Llanos De Aridane,ES,2021-10-26 00:49:58,28.6585,-17.9182,65.95,83,0,3.0
202,Deputatskiy,RU,2021-10-26 00:53:42,69.3,139.9,0.9,97,98,2.42
203,Inhambane,MZ,2021-10-26 00:51:12,-23.865,35.3833,73.31,77,100,6.33
204,Qasigiannguit,GL,2021-10-26 00:53:42,68.8193,-51.1922,-2.09,81,0,4.23
205,Ludvika,SE,2021-10-26 00:53:43,60.1496,15.1878,48.04,89,100,10.31
206,Olafsvik,IS,2021-10-26 00:53:43,64.8945,-23.7142,36.72,70,19,7.7
207,Fairbanks,US,2021-10-26 00:49:02,64.8378,-147.7164,31.1,90,90,4.61
208,Xai-Xai,MZ,2021-10-26 00:53:43,-25.0519,33.6442,70.29,92,100,4.36
209,Truro,GB,2021-10-26 00:51:34,50.2653,-5.0544,52.56,93,20,9.22
210,Weligama,LK,2021-10-26 00:53:44,5.9667,80.4167,77.83,86,100,8.79
211,Touros,BR,2021-10-26 00:50:14,-5.1989,-35.4608,81.5,61,100,17.56
212,Bastos,BR,2021-10-26 00:51:14,-21.9219,-50.7339,70.34,81,77,4.27
213,Sechura,PE,2021-10-26 00:53:44,-5.5569,-80.8222,67.3,72,100,16.06
214,Urumqi,CN,2021-10-26 00:53:45,43.801,87.6005,32.95,64,0,6.71
215,Tual,ID,2021-10-26 00:50:03,-5.6667,132.75,83.52,75,77,9.84
216,Astrea,CO,2021-10-26 00:53:45,9.4983,-73.9759,75.49,94,100,3.06
217,Kruisfontein,ZA,2021-10-26 00:49:45,-34.0033,24.7314,59.88,95,39,5.08
218,Khon Buri,TH,2021-10-26 00:53:46,14.5254,102.2459,74.53,82,80,5.66
219,Santiago De Cao,PE,2021-10-26 00:53:46,-7.9589,-79.2392,60.93,82,100,8.05
220,Marsabit,KE,2021-10-26 00:53:46,2.3284,37.9899,66.11,74,99,12.62
221,Tokur,RU,2021-10-26 00:53:47,53.1333,132.9,33.28,77,55,3.29
222,Zambezi,ZM,2021-10-26 00:53:47,-13.5432,23.1047,66.63,81,100,3.6
223,Keti Bandar,PK,2021-10-26 00:53:47,24.1447,67.4497,76.14,42,0,9.53
224,Gamba,GA,2021-10-26 00:53:48,-2.65,10.0,75.99,90,100,6.85
225,San Rafael,AR,2021-10-26 00:53:48,-34.6177,-68.3301,76.69,13,0,7.65
226,Paamiut,GL,2021-10-26 00:53:49,61.994,-49.6678,36.52,54,7,5.93
227,Kieta,PG,2021-10-26 00:50:52,-6.2167,155.6333,84.45,73,33,5.5
228,Parabel,RU,2021-10-26 00:53:49,58.6978,81.4825,34.16,85,100,12.39
229,Dengzhou,CN,2021-10-26 00:53:50,37.8086,120.7508,59.59,59,100,9.53
230,Central Point,US,2021-10-26 00:53:50,42.376,-122.9164,57.42,70,100,4.0
231,Cap Malheureux,MU,2021-10-26 00:51:10,-19.9842,57.6142,73.89,71,24,5.99
232,Itupiranga,BR,2021-10-26 00:53:51,-5.1347,-49.3267,75.13,92,47,2.44
233,Klaksvik,FO,2021-10-26 00:53:51,62.2266,-6.589,43.72,74,100,5.82
234,Atocha,BO,2021-10-26 00:53:52,-20.9333,-66.2333,46.18,42,33,13.27
235,Bodden Town,KY,2021-10-26 00:53:52,19.2833,-81.25,84.2,81,20,3.0
236,Santa Fe,AR,2021-10-26 00:49:11,-31.6333,-60.7,75.9,49,0,8.34
237,Ulaanbaatar,MN,2021-10-26 00:53:48,47.9077,106.8832,15.93,92,0,2.24
238,Bathsheba,BB,2021-10-26 00:50:04,13.2167,-59.5167,83.01,74,40,21.85
239,The Valley,AI,2021-10-26 00:48:54,18.217,-63.0578,82.26,68,0,16.96
240,Tuatapere,NZ,2021-10-26 00:50:19,-46.1333,167.6833,60.46,80,98,4.72
241,Bandundu,CD,2021-10-26 00:53:53,-3.3167,17.3667,70.63,96,100,3.02
242,Grand Gaube,MU,2021-10-26 00:53:53,-20.0064,57.6608,73.8,71,36,5.99
243,Kalabo,ZM,2021-10-26 00:50:11,-14.97,22.6814,73.72,59,77,5.75
244,Joensuu,FI,2021-10-26 00:53:54,62.6012,29.7632,43.29,94,90,5.75
245,Vila Velha,BR,2021-10-26 00:53:54,-20.3297,-40.2925,73.35,83,75,10.36
246,Nakatsugawa,JP,2021-10-26 00:53:54,35.4833,137.5,61.23,73,9,3.31
247,Norman Wells,CA,2021-10-26 00:53:55,65.282,-126.8329,23.04,93,90,4.61
248,Lixourion,GR,2021-10-26 00:53:55,38.2019,20.4314,58.28,75,100,11.65
249,Ixtapa,MX,2021-10-26 00:53:55,20.7,-105.2,75.7,88,83,3.31
250,Lishu,CN,2021-10-26 00:53:55,43.3047,124.3278,53.6,76,88,13.65
251,Mahina,PF,2021-10-26 00:49:29,-17.5065,-149.489,80.37,78,90,10.36
252,Viedma,AR,2021-10-26 00:52:25,-40.8135,-62.9967,53.06,69,26,13.47
253,Bardiyah,LY,2021-10-26 00:53:56,31.7561,25.0865,69.62,78,99,15.68
254,Pochutla,MX,2021-10-26 00:53:56,15.7432,-96.4661,80.82,87,100,4.29
255,Yarega,RU,2021-10-26 00:53:57,63.4354,53.5765,20.68,95,100,2.42
256,Margate,GB,2021-10-26 00:53:57,51.3813,1.3862,51.51,90,2,1.99
257,Venice,US,2021-10-26 00:53:57,27.0998,-82.4543,82.42,90,95,5.01
258,Corpus Christi,US,2021-10-26 00:49:17,27.8006,-97.3964,83.23,85,75,10.0
259,Carupano,VE,2021-10-26 00:53:58,10.6678,-63.2585,76.98,89,100,5.37
260,Bantou,CN,2021-10-26 00:53:58,26.2151,117.4893,68.14,76,95,1.59
261,Victoria,HK,2021-10-26 00:52:21,22.2855,114.1577,77.25,74,100,1.01
262,Kuah,MY,2021-10-26 00:53:59,6.3265,99.8432,80.58,94,20,1.14
263,Torbay,CA,2021-10-26 00:50:28,47.6666,-52.7314,40.26,80,90,8.05
264,Artyom,AZ,2021-10-26 00:54:00,40.4723,50.333,48.34,77,100,33.08
265,Tremedal,BR,2021-10-26 00:54:00,-14.9758,-41.4108,72.3,93,100,4.45
266,Sunrise Manor,US,2021-10-26 00:54:01,36.2111,-115.0731,73.81,47,75,25.32
267,Coihaique,CL,2021-10-26 00:54:01,-45.5752,-72.0662,46.35,87,90,4.61
268,Cayenne,GF,2021-10-26 00:49:32,4.9333,-52.3333,78.1,89,75,3.0
269,Eyl,SO,2021-10-26 00:54:02,7.9803,49.8164,77.0,84,59,5.19
270,Brasilia De Minas,BR,2021-10-26 00:53:17,-16.2064,-44.4333,73.63,74,97,9.08
271,Kaisiadorys,LT,2021-10-26 00:54:02,54.8667,24.45,39.09,72,100,10.92
272,Havre-Saint-Pierre,CA,2021-10-26 00:54:03,50.2334,-63.5986,42.8,87,1,5.75
273,Nyurba,RU,2021-10-26 00:54:03,63.2842,118.3319,31.33,91,100,7.65
274,Castro,BR,2021-10-26 00:54:03,-24.7911,-50.0119,57.06,95,8,3.33
275,Tiarei,PF,2021-10-26 00:54:04,-17.5333,-149.3333,80.62,72,96,2.95
276,Kavaratti,IN,2021-10-26 00:50:51,10.5669,72.642,81.91,72,100,12.5
277,Safaga,EG,2021-10-26 00:54:04,26.7292,33.9365,69.75,51,0,13.09
278,Cidreira,BR,2021-10-26 00:54:05,-30.1811,-50.2056,64.8,80,0,9.31
279,Hasaki,JP,2021-10-26 00:54:05,35.7333,140.8333,61.29,85,100,34.56
280,Ariquemes,BR,2021-10-26 00:54:05,-9.9133,-63.0408,73.71,95,100,3.96
281,Lagoa,PT,2021-10-26 00:54:05,39.05,-27.9833,67.08,73,0,11.52
282,Airai,TL,2021-10-26 00:54:06,-8.9266,125.4092,75.97,34,67,2.62
283,Skjervoy,NO,2021-10-26 00:54:06,70.0311,20.9714,32.36,72,93,15.88
284,San Cristobal,VE,2021-10-26 00:54:06,7.7669,-72.225,71.78,98,66,2.68
285,Svetlyy,RU,2021-10-26 00:54:07,54.675,20.1347,39.25,69,100,12.03
286,Dalvik,IS,2021-10-26 00:51:34,65.9702,-18.5286,26.53,76,30,5.75
287,Coban,GT,2021-10-26 00:52:06,15.4833,-90.3667,64.65,98,85,1.97
288,Itoman,JP,2021-10-26 00:49:14,26.1247,127.6694,77.02,58,20,14.97
289,Pevek,RU,2021-10-26 00:54:08,69.7008,170.3133,1.51,93,100,3.71
290,Fujin,CN,2021-10-26 00:54:08,47.26,132.0322,52.36,49,66,9.28
291,Saryg-Sep,RU,2021-10-26 00:54:09,51.5,95.6,31.03,71,18,3.15
292,Savannah Bight,HN,2021-10-26 00:54:09,16.45,-85.85,86.05,84,9,24.85
293,Asau,RO,2021-10-26 00:54:09,46.4333,26.4,33.76,67,0,2.64
294,Komsomolskiy,UZ,2021-10-26 00:54:10,40.4272,71.7189,45.32,49,8,4.61
295,New Norfolk,AU,2021-10-26 00:49:42,-42.7826,147.0587,60.66,35,2,2.37
296,Nemuro,JP,2021-10-26 00:54:10,43.3236,145.575,52.23,80,100,11.9
297,Bolshevik,BY,2021-10-26 00:54:11,54.0065,27.5692,33.42,70,97,11.12
298,Mitsamiouli,KM,2021-10-26 00:54:11,-11.3847,43.2844,79.32,76,56,15.21
299,Koulamoutou,GA,2021-10-26 00:54:12,-1.1303,12.4736,70.95,100,100,2.33
300,Esna,EG,2021-10-26 00:54:12,25.2934,32.554,68.02,39,0,6.69
301,Nevsehir,TR,2021-10-26 00:54:12,38.9167,34.6667,29.41,80,0,4.61
302,Piotrkow Trybunalski,PL,2021-10-26 00:54:13,51.4055,19.7032,41.58,55,100,12.33
303,Arraial Do Cabo,BR,2021-10-26 00:50:21,-22.9661,-42.0278,69.62,88,98,10.11
304,Nanticoke,US,2021-10-26 00:54:13,41.2054,-76.0049,66.09,91,100,3.15
305,Pisco,PE,2021-10-26 00:54:14,-13.7,-76.2167,61.02,82,0,17.27
306,Twentynine Palms,US,2021-10-26 00:54:14,34.1356,-116.0542,66.4,66,7,14.12
307,Honiara,SB,2021-10-26 00:54:14,-9.4333,159.95,85.89,72,56,7.23
308,Mount Gambier,AU,2021-10-26 00:51:26,-37.8333,140.7667,58.91,63,100,11.5
309,Samfya,ZM,2021-10-26 00:54:15,-11.3649,29.5565,70.77,48,29,6.15
310,Pemberton,CA,2021-10-26 00:54:15,50.3164,-122.8027,44.46,99,100,5.12
311,Yerbogachen,RU,2021-10-26 00:54:15,61.2767,108.0108,31.78,98,100,7.74
312,Sunnyside,US,2021-10-26 00:54:16,46.3237,-120.0087,59.49,61,90,4.61
313,Grajau,BR,2021-10-26 00:51:25,-5.8194,-46.1386,77.2,85,4,2.86
314,Tucurui,BR,2021-10-26 00:54:16,-3.7661,-49.6725,79.34,82,71,2.66
315,Rosice,CZ,2021-10-26 00:54:17,49.1823,16.3879,43.54,83,0,3.0
316,Clyde River,CA,2021-10-26 00:54:17,70.4692,-68.5914,18.18,78,70,6.58
317,Sakassou,CI,2021-10-26 00:54:17,7.4546,-5.2926,74.62,96,100,2.68
318,Brownsville,US,2021-10-26 00:50:39,25.9018,-97.4975,83.08,82,1,5.99
319,Hongjiang,CN,2021-10-26 00:54:19,27.11,109.9956,58.55,86,100,2.44
320,Koshurnikovo,RU,2021-10-26 00:54:19,54.1667,93.3,32.97,87,35,2.55
321,Xining,CN,2021-10-26 00:52:25,36.6167,101.7667,35.24,89,99,3.4
322,La Tuque,CA,2021-10-26 00:54:20,47.4334,-72.7824,41.25,81,100,2.3
323,Toowoomba,AU,2021-10-26 00:54:20,-27.55,151.9667,74.25,62,46,3.4
324,Bako,ET,2021-10-26 00:54:21,5.7833,36.5667,64.69,64,15,3.94
325,Berlevag,NO,2021-10-26 00:54:21,70.8578,29.0864,32.23,82,100,19.6
326,Minab,IR,2021-10-26 00:49:49,27.1467,57.0801,74.7,72,2,4.54
327,Lima,PE,2021-10-26 00:50:53,-12.0432,-77.0282,62.91,80,75,8.05
328,Juventino Rosas,MX,2021-10-26 00:54:23,20.65,-101.0,59.76,93,100,4.7
329,Mogadishu,SO,2021-10-26 00:51:43,2.0371,45.3438,79.3,82,80,9.46
330,Goderich,CA,2021-10-26 00:54:24,43.7501,-81.7165,43.92,87,100,18.41
331,Challapata,BO,2021-10-26 00:54:24,-18.9,-66.7667,48.7,30,0,12.77
332,Mandalgovi,MN,2021-10-26 00:54:24,45.7625,106.2708,33.33,54,0,3.91
333,Braganca,BR,2021-10-26 00:54:25,-1.0536,-46.7656,76.8,89,6,2.57
334,Nueva Guinea,NI,2021-10-26 00:54:25,11.6876,-84.4562,75.45,94,84,4.88
335,Taoudenni,ML,2021-10-26 00:54:25,22.6783,-3.9836,84.94,17,100,9.31
336,Alta Floresta,BR,2021-10-26 00:54:26,-9.8756,-56.0861,73.29,86,100,2.15
337,Muromtsevo,RU,2021-10-26 00:54:26,56.3724,75.2418,43.43,89,100,13.38
338,Chinsali,ZM,2021-10-26 00:54:26,-10.5414,32.0816,65.89,57,52,5.77
339,Shahreza,IR,2021-10-26 00:54:27,32.0339,51.8794,47.55,31,0,1.25
340,Carnot,CF,2021-10-26 00:54:27,4.9409,15.8665,69.46,96,56,1.54
341,Dundwaraganj,IN,2021-10-26 00:54:28,27.7333,78.95,67.59,66,0,6.15
342,Oktyabrskoye,RU,2021-10-26 00:54:28,43.0645,44.7417,33.94,100,100,4.47
343,East London,ZA,2021-10-26 00:52:25,-33.0153,27.9116,63.45,82,100,8.48
344,Alexandria,EG,2021-10-26 00:51:01,31.2156,29.9553,71.56,73,40,5.75
345,Oia,PT,2021-10-26 00:54:29,40.5426,-8.5386,60.13,75,1,3.31
346,Waitati,NZ,2021-10-26 00:54:32,-45.75,170.5667,60.8,69,84,5.97
347,Burns Lake,CA,2021-10-26 00:54:32,54.2331,-125.7533,42.22,93,74,2.84
348,Panaba,MX,2021-10-26 00:54:33,21.2833,-88.2667,81.5,78,98,9.08
349,Zlitan,LY,2021-10-26 00:54:33,32.4674,14.5687,70.68,66,1,13.91
350,Georgetown,MY,2021-10-26 00:50:27,5.4112,100.3354,80.53,89,40,5.01
351,Marsh Harbour,BS,2021-10-26 00:54:34,26.5412,-77.0636,81.25,76,100,12.12
352,Xocali,AZ,2021-10-26 00:54:34,39.913,46.7903,48.72,62,100,3.56
353,Tres Passos,BR,2021-10-26 00:54:34,-27.4556,-53.9319,60.87,74,0,2.66
354,Fortuna,US,2021-10-26 00:54:35,40.5982,-124.1573,59.09,70,90,3.44
355,Port-Gentil,GA,2021-10-26 00:54:35,-0.7193,8.7815,75.88,90,100,5.37
356,Xuanhua,CN,2021-10-26 00:54:36,40.6103,115.0447,50.32,32,0,10.65
357,Luderitz,NA,2021-10-26 00:50:29,-26.6481,15.1594,56.26,91,6,5.3
358,Karratha,AU,2021-10-26 00:51:14,-20.7377,116.8463,82.99,33,2,16.06
359,Sacramento,US,2021-10-26 00:54:11,38.4666,-121.3177,64.35,61,90,1.01
360,Souillac,MU,2021-10-26 00:54:37,-20.5167,57.5167,73.78,78,40,12.66
361,Warrington,GB,2021-10-26 00:51:59,53.3925,-2.5802,49.98,93,100,1.01
362,Progreso,MX,2021-10-26 00:54:37,21.2833,-89.6667,85.1,82,60,9.86
363,Pontianak,ID,2021-10-26 00:54:37,-0.0333,109.3333,78.78,88,40,3.44
364,Nizhniy Tsasuchey,RU,2021-10-26 00:54:38,50.5167,115.1333,37.0,62,3,12.1
365,Finschhafen,PG,2021-10-26 00:54:39,-6.6024,147.8681,85.84,67,6,7.65
366,Grindavik,IS,2021-10-26 00:54:39,63.8424,-22.4338,37.87,87,40,4.61
367,Tubuala,PA,2021-10-26 00:54:40,9.5167,-79.0333,81.34,81,97,5.01
368,Nowy Dwor Gdanski,PL,2021-10-26 00:54:40,54.2131,19.1177,45.14,72,100,7.87
369,Vao,NC,2021-10-26 00:54:41,-22.6667,167.4833,72.09,74,0,14.29
370,Le Port,RE,2021-10-26 00:54:41,-20.9373,55.2919,71.56,86,16,8.61
371,Snasa,NO,2021-10-26 00:54:42,64.2457,12.3778,40.17,100,100,2.28
372,Hambantota,LK,2021-10-26 00:54:42,6.1241,81.1185,75.54,100,75,2.3
373,Bilma,NE,2021-10-26 00:54:37,18.6853,12.9164,80.6,16,0,5.79
374,Ahipara,NZ,2021-10-26 00:54:43,-35.1667,173.1667,69.15,66,100,6.58
375,Novi Pazar,RS,2021-10-26 00:54:43,43.1367,20.5122,38.5,91,0,2.82
376,Ambilobe,MG,2021-10-26 00:54:43,-13.2,49.05,72.55,67,1,5.23
377,Necochea,AR,2021-10-26 00:54:44,-38.5473,-58.7368,53.04,61,38,7.31
378,Impfondo,CG,2021-10-26 00:54:44,1.6381,18.0667,69.62,98,99,2.39
379,Namibe,AO,2021-10-26 00:54:45,-15.1961,12.1522,62.46,80,39,6.42
380,Gorzow Wielkopolski,PL,2021-10-26 00:51:51,52.7368,15.2288,43.21,75,100,5.79
381,Semirom,IR,2021-10-26 00:54:45,31.4167,51.5667,37.8,47,0,1.68
382,Dossor,KZ,2021-10-26 00:54:45,47.5272,52.9811,37.49,70,12,10.04
383,Hidalgotitlan,MX,2021-10-26 00:54:46,17.7833,-94.6333,80.11,87,71,4.63
384,Krasnyy Luch,UA,2021-10-26 00:54:46,48.1395,38.9371,30.34,56,0,2.39
385,Dudinka,RU,2021-10-26 00:54:47,69.4058,86.1778,14.83,96,100,8.66
386,Ferreira Do Alentejo,PT,2021-10-26 00:54:47,38.05,-8.0333,54.99,76,0,4.61
387,Voyvozh,RU,2021-10-26 00:54:48,62.892,54.9635,21.51,96,95,3.22
388,Udala,ES,2021-10-26 00:54:48,43.0778,-2.5125,51.22,95,10,1.9
389,Luwuk,ID,2021-10-26 00:54:48,-0.9516,122.7875,87.1,64,42,2.93
390,Shirokiy,RU,2021-10-26 00:54:49,49.758,129.523,43.9,67,77,6.51
391,Bouca,CF,2021-10-26 00:54:49,6.5105,18.2733,70.11,95,100,2.08
392,Seoul,KR,2021-10-26 00:53:21,37.5683,126.9778,56.64,82,20,1.14
393,Marathon,US,2021-10-26 00:51:18,44.9,-89.7668,42.55,83,5,6.02
394,Ritchie,ZA,2021-10-26 00:54:17,-29.038,24.6028,56.41,82,100,11.92
395,Linhai,CN,2021-10-26 00:54:51,28.85,121.1167,63.93,75,100,0.94
396,Lakatoro,VU,2021-10-26 00:54:51,-16.0999,167.4164,82.83,71,18,9.62
397,Seguin,US,2021-10-26 00:51:40,29.5688,-97.9647,82.92,88,1,8.61
398,Saint-Donat-De-Montcalm,CA,2021-10-26 00:54:52,46.3187,-74.2219,41.4,91,100,10.87
399,Tigil,RU,2021-10-26 00:54:52,57.8,158.6667,34.32,96,100,14.72
400,Dangara,IN,2021-10-26 00:54:53,29.6799,75.8931,64.0,73,0,4.72
401,Haapiti,PF,2021-10-26 00:54:53,-17.5667,-149.8667,80.33,78,100,4.07
402,Thalheim,DE,2021-10-26 00:54:53,50.7,12.85,48.83,82,100,5.86
403,Quatre Cocos,MU,2021-10-26 00:54:54,-20.2078,57.7625,73.51,78,36,14.81
404,Pangnirtung,CA,2021-10-26 00:54:54,66.1451,-65.7125,22.48,61,28,2.1
405,Gambo,CF,2021-10-26 00:54:54,4.6482,22.2633,69.49,98,98,0.89
406,Salmas,IR,2021-10-26 00:54:55,38.1973,44.7653,47.39,57,100,2.15
407,Strezhevoy,RU,2021-10-26 00:54:55,60.7333,77.5889,30.18,89,100,12.15
408,Whakatane,NZ,2021-10-26 00:54:56,-37.9585,176.9854,67.77,94,45,3.0
409,Rehoboth,NA,2021-10-26 00:54:56,-23.3167,17.0833,60.01,26,0,2.71
410,Inta,RU,2021-10-26 00:54:57,66.0317,60.1659,15.64,87,100,16.33
411,Menongue,AO,2021-10-26 00:54:57,-14.6585,17.691,66.58,79,93,4.27
412,Roald,NO,2021-10-26 00:54:31,62.5833,6.1333,48.11,87,20,9.22
413,Muros,ES,2021-10-26 00:54:57,42.7762,-9.0603,60.84,95,0,6.38
414,Orangeburg,US,2021-10-26 00:54:58,33.4918,-80.8557,73.69,88,17,1.99
415,Santa Maria,BR,2021-10-26 00:54:40,-29.6842,-53.8069,63.7,72,0,1.14
416,Ilhabela,BR,2021-10-26 00:50:49,-23.7781,-45.3581,67.53,90,95,6.53
417,Mazagao,BR,2021-10-26 00:54:59,-0.115,-51.2894,86.05,82,25,5.53
418,Konevo,RU,2021-10-26 00:54:59,62.1215,39.3192,32.9,99,100,0.67
419,Manama,BH,2021-10-26 00:55:00,26.2154,50.5832,84.18,46,0,8.05
420,Puerto Colombia,CO,2021-10-26 00:55:01,10.9878,-74.9547,82.49,79,1,18.5
421,San Patricio,US,2021-10-26 00:55:01,28.017,-97.5169,82.54,73,85,10.6
422,Inirida,CO,2021-10-26 00:55:01,3.8653,-67.9239,74.79,97,100,2.59
423,Lodeynoye Pole,RU,2021-10-26 00:55:02,60.726,33.5531,41.72,88,100,10.65
424,Dongsheng,CN,2021-10-26 00:55:03,39.8161,109.9776,41.11,37,0,12.46
425,Muroto,JP,2021-10-26 00:55:03,33.2833,134.15,68.04,65,0,3.71
426,Tottori,JP,2021-10-26 00:55:04,35.5,134.2333,57.2,94,75,4.61
427,Chicama,PE,2021-10-26 00:55:05,-7.8447,-79.1469,59.54,77,100,6.22
428,Rorvik,NO,2021-10-26 00:55:06,64.8621,11.2373,48.99,82,100,16.24
429,Oyama,JP,2021-10-26 00:55:06,36.3,139.8,60.89,83,100,8.28
430,Miri,MY,2021-10-26 00:51:46,4.4148,114.0089,78.94,94,40,4.61
431,Vardo,NO,2021-10-26 00:55:07,70.3705,31.1107,35.91,64,100,20.49
432,Harbour Breton,CA,2021-10-26 00:53:43,47.4833,-55.7983,46.0,63,100,2.46
433,Trenggalek,ID,2021-10-26 00:55:08,-8.05,111.7167,82.56,64,100,5.32
434,Vila Do Maio,CV,2021-10-26 00:55:08,15.1333,-23.2167,79.59,84,100,13.27
435,Mtambile,TZ,2021-10-26 00:55:09,-5.3833,39.7,76.86,80,99,3.87
436,Manadhoo,MV,2021-10-26 00:55:09,5.7667,73.3833,81.3,79,100,10.51
437,Ravar,IR,2021-10-26 00:55:10,31.2656,56.8055,54.81,28,0,1.95
438,Naze,JP,2021-10-26 00:55:10,28.3667,129.4833,72.52,59,7,13.06
439,Qurayyat,SA,2021-10-26 00:55:11,31.3318,37.3428,60.98,48,0,6.91
440,Puerto Carreno,CO,2021-10-26 00:55:11,6.189,-67.4859,80.37,75,100,7.96
441,Ambon,ID,2021-10-26 00:55:12,-3.6954,128.1814,84.34,74,20,3.44
442,Kansk,RU,2021-10-26 00:55:12,56.2017,95.7175,44.02,67,100,16.37
443,Datong,CN,2021-10-26 00:55:12,40.0936,113.2914,47.75,28,0,10.67
444,Vieques,PR,2021-10-26 00:55:13,18.425,-65.8329,82.42,69,20,3.44
445,Blagoyevo,RU,2021-10-26 00:55:13,63.3667,47.9167,27.07,91,99,2.39
446,Tiksi,RU,2021-10-26 00:55:13,71.6872,128.8694,0.72,97,99,4.45
447,Huilong,CN,2021-10-26 00:55:14,31.8111,121.655,72.03,62,11,3.49
448,Colwyn Bay,GB,2021-10-26 00:55:14,53.2948,-3.7267,55.26,88,100,4.0
449,Batticaloa,LK,2021-10-26 00:55:15,7.7102,81.6924,77.79,86,48,9.8
450,Doka,SD,2021-10-26 00:55:15,13.5167,35.7667,76.3,50,10,1.68
451,Pedernales,DO,2021-10-26 00:55:15,18.0384,-71.744,81.25,72,7,1.9
452,Ipixuna,BR,2021-10-26 00:55:16,-1.7625,-48.8043,78.75,94,54,3.2
453,Prainha,BR,2021-10-26 00:55:16,-1.8,-53.48,77.88,79,56,3.65
454,Yelan,RU,2021-10-26 00:55:17,50.949,43.7378,27.39,75,10,5.06
455,Olinda,BR,2021-10-26 00:51:17,-8.0089,-34.8553,80.33,69,20,9.22
456,Oromocto,CA,2021-10-26 00:51:10,45.8351,-66.4792,42.94,91,75,2.3
457,Kirovskiy,RU,2021-10-26 00:55:17,45.0917,133.5136,52.65,51,6,6.64
458,Stephenville,US,2021-10-26 00:55:18,32.2207,-98.2023,80.74,71,1,6.91
459,Develi,TR,2021-10-26 00:55:18,38.3906,35.4922,31.35,85,98,0.94
460,Nalut,LY,2021-10-26 00:55:19,30.3333,10.85,63.37,48,0,7.2
461,Sicamous,CA,2021-10-26 00:55:20,50.8331,-118.9856,56.37,85,99,4.56
462,Baykit,RU,2021-10-26 00:52:00,61.67,96.37,22.68,87,65,8.05
463,Sembe,CG,2021-10-26 00:55:21,1.6481,14.5806,70.03,99,100,2.66
464,Conneaut,US,2021-10-26 00:55:21,41.9476,-80.5542,61.25,91,100,2.86
465,Chumikan,RU,2021-10-26 00:55:22,54.7183,135.315,40.73,71,100,11.74
466,Eureka,US,2021-10-26 00:50:58,40.8021,-124.1637,59.36,75,100,5.99
467,Camacha,PT,2021-10-26 00:55:22,33.0833,-16.3333,65.62,73,40,8.05
468,Beloha,MG,2021-10-26 00:55:23,-25.1667,45.05,70.9,93,14,7.07
469,Keuruu,FI,2021-10-26 00:55:23,62.2667,24.7,43.56,95,100,7.96
470,Cuajinicuilapa,MX,2021-10-26 00:55:24,16.4667,-98.4167,77.18,91,52,2.48
471,Palmer,US,2021-10-26 00:54:04,42.1584,-72.3287,54.14,83,90,1.01
472,Ozernovskiy,RU,2021-10-26 00:55:24,51.5,156.5167,42.35,84,100,14.92
473,Urusha,RU,2021-10-26 00:55:25,54.05,122.9,36.99,68,36,2.55
474,Maragheh,IR,2021-10-26 00:55:25,37.3917,46.2398,48.47,23,0,11.5
475,Dingle,PH,2021-10-26 00:55:26,10.9995,122.6711,82.83,78,100,9.15
476,Zhangye,CN,2021-10-26 00:55:26,38.9342,100.4517,42.94,63,95,3.71
477,Hammerfest,NO,2021-10-26 00:50:30,70.6634,23.6821,28.85,80,90,6.91
478,Linjiang,CN,2021-10-26 00:55:26,41.8069,126.9078,50.56,68,97,3.44
479,Yinchuan,CN,2021-10-26 00:53:17,38.4681,106.2731,48.52,30,89,2.37
480,Marienburg,PL,2021-10-26 00:55:27,54.0359,19.0266,45.05,78,100,7.78
481,Lethem,GY,2021-10-26 00:55:27,3.3803,-59.7968,79.09,82,98,7.07
482,Arman,RU,2021-10-26 00:55:28,59.7,150.1667,26.53,60,70,2.44
483,Nioki,CD,2021-10-26 00:55:28,-2.7167,17.6833,70.09,98,100,2.73
484,Lorengau,PG,2021-10-26 00:55:29,-2.0226,147.2712,85.39,65,96,6.11
485,San Lorenzo,PY,2021-10-26 00:55:29,-25.3333,-57.5333,68.94,60,0,1.99
486,Lompoc,US,2021-10-26 00:55:26,34.6391,-120.4579,63.37,78,20,16.11
487,Porto Walter,BR,2021-10-26 00:55:30,-8.2686,-72.7439,69.3,85,93,3.38
488,Victor Harbor,AU,2021-10-26 00:55:30,-35.5667,138.6167,78.73,49,100,8.81
489,Riohacha,CO,2021-10-26 00:55:06,11.5444,-72.9072,82.42,71,0,12.86
490,Oranjestad,AW,2021-10-26 00:55:32,12.524,-70.027,82.35,74,20,17.27
491,Jacqueville,CI,2021-10-26 00:55:32,5.2052,-4.4146,80.51,88,100,11.61
492,Abrau-Dyurso,RU,2021-10-26 00:55:33,44.69,37.59,35.06,74,6,9.71
493,Pahrump,US,2021-10-26 00:54:57,36.2083,-115.9839,61.61,75,100,8.99
494,Leningradskiy,RU,2021-10-26 00:50:34,69.3833,178.4167,9.73,94,100,16.28
495,Zyryanka,RU,2021-10-26 00:55:33,65.75,150.85,5.99,82,47,4.72
496,Kroya,ID,2021-10-26 00:55:34,-7.6331,109.2461,80.08,75,100,6.87
497,Sarh,TD,2021-10-26 00:55:34,9.1429,18.3923,76.91,83,0,0.0
498,Faya,SA,2021-10-26 00:55:34,18.3851,42.4509,57.31,74,0,1.43
499,Coruripe,BR,2021-10-26 00:51:19,-10.1256,-36.1756,78.85,73,100,12.73
500,Balta,UA,2021-10-26 00:55:35,47.9355,29.6198,35.15,67,5,6.73
501,Sioni,GE,2021-10-26 00:55:36,41.9895,45.0239,35.96,94,12,4.99
502,Valparaiso,CL,2021-10-26 00:55:36,-33.0393,-71.6273,56.84,82,0,12.66
503,Turochak,RU,2021-10-26 00:55:36,52.2576,87.1224,37.85,86,49,3.02
504,Skibbereen,IE,2021-10-26 00:55:37,51.55,-9.2667,53.4,91,100,18.77
505,Lebyazhye,RU,2021-10-26 00:55:37,55.2689,66.4947,35.67,84,100,18.25
506,Cerro Blanco,HN,2021-10-26 00:55:38,14.6667,-87.7833,74.37,84,98,0.54
507,Porto Novo,BJ,2021-10-26 00:54:22,6.4965,2.6036,82.22,89,100,5.5
508,San-Pedro,CI,2021-10-26 00:55:38,4.7485,-6.6363,75.51,92,100,6.73
509,Moskovskiy,RU,2021-10-26 00:55:39,55.5991,37.355,31.91,82,0,13.42
510,Puerto Quijarro,BO,2021-10-26 00:50:59,-17.7833,-57.7667,74.88,54,85,1.77
511,Nogliki,RU,2021-10-26 00:55:40,51.8333,143.1667,45.57,73,22,14.36
512,Bugulma,RU,2021-10-26 00:55:40,54.55,52.8,27.0,77,100,7.2
513,Spisska Nova Ves,SK,2021-10-26 00:55:41,48.9446,20.5615,44.13,73,56,4.0
514,Port Washington,US,2021-10-26 00:55:41,40.8257,-73.6982,70.0,85,90,1.99
515,Suntar,RU,2021-10-26 00:55:42,62.1444,117.6319,33.46,75,100,7.56
516,Kununurra,AU,2021-10-26 00:51:23,-15.7667,128.7333,91.38,52,34,4.61
517,Emba,KZ,2021-10-26 00:55:42,48.8264,58.1442,35.83,87,11,11.45
518,Mayor Pablo Lagerenza,PY,2021-10-26 00:55:05,-19.9309,-60.7718,72.97,31,99,3.78
519,Cururupu,BR,2021-10-26 00:54:16,-1.8283,-44.8683,77.45,84,32,4.12
520,Garissa,KE,2021-10-26 00:54:22,-0.4536,39.6401,77.07,76,6,9.22
521,Lagos,NG,2021-10-26 00:52:53,6.5833,3.75,79.12,93,100,4.36
522,Filingue,NE,2021-10-26 00:55:43,14.3521,3.3168,86.27,13,71,6.15
523,Umm Kaddadah,SD,2021-10-26 00:55:44,13.6017,26.6876,80.83,21,55,17.67
524,Christchurch,NZ,2021-10-26 00:55:44,-43.5333,172.6333,65.03,72,20,1.01
525,Bjerkvik,NO,2021-10-26 00:55:44,68.5597,17.5189,37.2,93,100,6.2
526,Labytnangi,RU,2021-10-26 00:55:45,66.6572,66.4183,12.27,87,16,7.63
527,Turka,UA,2021-10-26 00:55:45,49.1541,23.0297,40.15,66,8,5.88
528,Jamame,SO,2021-10-26 00:55:46,0.0722,42.7506,76.19,88,66,6.15
529,Gold Coast,AU,2021-10-26 00:55:46,-28.0,153.4333,79.27,70,90,12.66
530,Digboi,IN,2021-10-26 00:55:46,27.3833,95.6333,70.75,91,2,1.05
531,Maun,BW,2021-10-26 00:55:47,-19.9833,23.4167,69.76,83,0,1.14
532,Ampanihy,MG,2021-10-26 00:55:47,-24.7,44.75,71.53,90,10,3.76
533,Tulu Bolo,ET,2021-10-26 00:55:48,8.6667,38.2167,51.4,66,10,2.59
534,Paciran,ID,2021-10-26 00:55:48,-6.8767,112.3761,84.16,69,59,5.73
535,Dauphin,CA,2021-10-26 00:55:34,51.1494,-100.0502,44.74,65,1,13.8
536,Adrar,MR,2021-10-26 00:55:49,20.5022,-10.0711,79.05,17,71,12.08
537,Lata,PT,2021-10-26 00:55:49,40.1629,-8.3327,58.82,89,0,3.56
538,Mahebourg,MU,2021-10-26 00:51:05,-20.4081,57.7,73.69,78,40,12.66
539,Hirara,JP,2021-10-26 00:55:50,24.8,125.2833,78.66,61,20,12.66
540,Kigoma,TZ,2021-10-26 00:55:51,-4.8769,29.6267,74.01,79,100,6.51
541,Ibra,OM,2021-10-26 00:51:11,22.6906,58.5334,73.67,62,5,2.1
542,Katherine,AU,2021-10-26 00:55:51,-14.4667,132.2667,91.72,49,40,8.05
543,Lokosovo,RU,2021-10-26 00:55:52,61.1333,74.8167,32.77,97,100,9.31
544,Paramonga,PE,2021-10-26 00:55:52,-10.6667,-77.8333,62.6,86,98,8.68
545,Tamandare,BR,2021-10-26 00:55:52,-8.7597,-35.1047,77.05,76,76,9.48
546,Uvira,CD,2021-10-26 00:55:53,-3.4067,29.1458,74.03,74,88,3.56
547,Sikar,IN,2021-10-26 00:55:53,27.6167,75.15,63.97,72,0,3.85
548,Turbat,PK,2021-10-26 00:55:54,26.0023,63.044,71.04,58,6,2.28
549,Hrubieszow,PL,2021-10-26 00:55:54,50.805,23.8925,36.64,64,65,6.76
550,Korla,CN,2021-10-26 00:55:54,41.7597,86.1469,45.21,44,0,3.36
551,Lexington,US,2021-10-26 00:53:13,37.9887,-84.4777,52.95,84,90,12.66
552,Borogontsy,RU,2021-10-26 00:55:55,62.6683,131.1683,29.79,96,100,3.22
553,Talnakh,RU,2021-10-26 00:50:56,69.4865,88.3972,15.24,96,100,6.11
554,Antofagasta,CL,2021-10-26 00:55:56,-23.65,-70.4,60.08,71,0,0.25
555,Sao Gabriel Da Cachoeira,BR,2021-10-26 00:55:56,-0.1303,-67.0892,74.57,95,74,0.58
556,Guane,CU,2021-10-26 00:55:56,22.2025,-84.0875,78.6,89,100,3.2
557,Beterou,BJ,2021-10-26 00:55:57,9.1992,2.2586,75.81,73,44,2.15
558,Brae,GB,2021-10-26 00:55:51,60.3964,-1.353,49.91,78,41,15.64
559,Maceio,BR,2021-10-26 00:55:02,-9.6658,-35.7353,78.24,88,40,3.44
560,Poronaysk,RU,2021-10-26 00:55:57,49.2167,143.1167,52.11,56,0,7.0
561,Ekhabi,RU,2021-10-26 00:55:58,53.5102,142.9671,44.1,67,16,4.74
562,Homer,US,2021-10-26 00:55:59,59.6425,-151.5483,41.07,78,90,3.44
563,Kiruna,SE,2021-10-26 00:55:59,67.8557,20.2251,22.12,100,90,0.0
564,Rameswaram,IN,2021-10-26 00:56:00,9.2833,79.3,81.73,74,100,7.29
565,Jiwani,PK,2021-10-26 00:56:00,25.05,61.7417,77.5,75,5,3.91
566,Lesozavodsk,RU,2021-10-26 00:56:01,45.4794,133.4244,52.77,55,6,10.31
567,Bitung,ID,2021-10-26 00:56:01,1.4451,125.1824,88.65,66,52,5.06
568,Wajir,KE,2021-10-26 00:56:02,1.7471,40.0573,78.37,70,95,11.54
569,Takhtamygda,RU,2021-10-26 00:56:02,54.1,123.5667,37.6,72,61,3.11
570,Aklavik,CA,2021-10-26 00:56:03,68.2191,-135.0107,25.63,97,42,1.12
571,Plymouth,US,2021-10-26 00:56:03,41.8334,-70.8328,62.82,96,90,4.61
572,Moron,AR,2021-10-26 00:55:39,-34.6534,-58.6198,76.75,43,6,5.84
573,Iralaya,HN,2021-10-26 00:56:04,15.0,-83.2333,82.49,85,11,8.48
574,Bukama,CD,2021-10-26 00:56:04,-9.2,25.85,68.18,88,100,3.83
575,Samarai,PG,2021-10-26 00:52:58,-10.6167,150.6667,83.44,72,100,10.87
576,Maryville,US,2021-10-26 00:56:05,35.7565,-83.9705,62.31,81,75,1.01
577,Zhigansk,RU,2021-10-26 00:56:05,66.7697,123.3711,23.67,96,100,13.6
578,Rawson,AR,2021-10-26 00:56:06,-43.3002,-65.1023,62.53,37,43,15.05
579,Dunedin,NZ,2021-10-26 00:56:06,-45.8742,170.5036,59.81,70,93,7.0
580,Sainte-Marie,RE,2021-10-26 00:56:06,-20.8968,55.5496,71.73,75,0,13.8
581,Pasco,US,2021-10-26 00:56:07,28.292,-82.4165,79.83,81,0,6.69
582,Uige,AO,2021-10-26 00:56:07,-7.6087,15.0613,67.5,97,100,1.77
583,Honningsvag,NO,2021-10-26 00:56:08,70.9821,25.9704,33.84,79,100,20.96
584,Moen,NO,2021-10-26 00:56:08,69.1304,18.6123,29.86,93,90,2.3
585,Umm Lajj,SA,2021-10-26 00:51:53,25.0213,37.2685,79.03,50,0,7.05
586,Landen,BE,2021-10-26 00:56:09,50.7538,5.08,52.9,96,100,1.01
587,Puerto Escondido,MX,2021-10-26 00:51:21,15.85,-97.0667,81.1,85,34,4.34
588,Geraldton,AU,2021-10-26 00:56:10,-28.7667,114.6,59.41,67,75,5.75
589,Whitehorse,CA,2021-10-26 00:56:10,60.7161,-135.0538,31.01,80,75,8.99
590,Redlands,US,2021-10-26 00:51:59,34.0556,-117.1825,59.63,91,90,9.22
591,Nova Olinda Do Norte,BR,2021-10-26 00:56:11,-3.8881,-59.0942,79.52,75,18,2.55
592,Goure,NE,2021-10-26 00:52:03,13.9835,10.2704,86.02,18,20,9.13
593,Carlsbad,US,2021-10-26 00:56:12,33.1581,-117.3506,61.99,92,90,1.01
594,Aksarka,RU,2021-10-26 00:56:12,66.5606,67.7975,15.03,87,15,7.74
595,Terrak,NO,2021-10-26 00:56:13,65.087,12.3715,49.87,95,100,6.96
596,Namatanai,PG,2021-10-26 00:56:13,-3.6667,152.4333,85.87,65,63,2.75
597,Saint-Pierre,RE,2021-10-26 00:52:01,-21.3393,55.4781,71.24,75,0,6.91
598,Dhidhdhoo,MV,2021-10-26 00:56:14,6.8833,73.1,81.48,79,100,9.89
599,Shellbrook,CA,2021-10-26 00:56:14,53.2168,-106.4011,45.63,56,100,18.3
600,Ramanuj Ganj,IN,2021-10-26 00:56:15,23.8,83.7,63.28,75,0,2.53
601,Ocampo,MX,2021-10-26 00:56:15,21.65,-101.5,53.44,89,100,12.55
602,Kasongo,CD,2021-10-26 00:56:15,-4.45,26.6667,69.71,95,100,0.58
603,Ergani,TR,2021-10-26 00:56:16,38.2653,39.7621,54.32,48,100,7.9
604,Verkhoyansk,RU,2021-10-26 00:56:16,67.5447,133.385,-1.34,98,76,1.86
605,Monroe,US,2021-10-26 00:54:14,43.1501,-77.6831,53.46,96,90,8.05
606,Sidi Ali,DZ,2021-10-26 00:56:17,36.0998,0.4206,62.6,64,100,8.19
607,Hudson Bay,CA,2021-10-26 00:56:17,52.85,-102.3842,44.92,59,100,12.39
608,Flinders,AU,2021-10-26 00:56:17,-34.5833,150.8552,70.81,57,32,4.0
609,Praia Da Vitoria,PT,2021-10-26 00:51:32,38.7333,-27.0667,69.76,82,20,17.67
610,Ryotsu,JP,2021-10-26 00:56:18,38.0833,138.4333,60.76,87,100,9.66
611,Alcaniz,ES,2021-10-26 00:56:19,41.05,-0.1333,57.09,54,100,3.42
612,Tres Arroyos,AR,2021-10-26 00:56:19,-38.3739,-60.2798,50.4,57,14,9.37
613,Berdigestyakh,RU,2021-10-26 00:56:20,62.0989,126.6992,32.61,97,100,5.08
