City_ID,City,Country,Date,Lat,Lng,Max Temp,Humidity,Cloudiness,Wind Speed,Description
0,Salalah,OM,2021-10-28 23:14:07,17.0151,54.0924,77.09,78,20,4.61,few clouds
1,Hermanus,ZA,2021-10-28 23:11:38,-34.4187,19.2345,60.91,89,15,9.06,few clouds
2,Kjollefjord,NO,2021-10-28 23:14:08,70.9457,27.3465,35.02,86,100,16.28,overcast clouds
3,Iberia,US,2021-10-28 23:14:08,29.9502,-91.7507,70.05,37,75,23.96,broken clouds
4,Jamestown,US,2021-10-28 23:13:56,42.097,-79.2353,58.64,67,1,11.5,clear sky
5,Sainte-Thecle,CA,2021-10-28 23:14:08,46.8168,-72.4991,43.12,83,0,2.66,clear sky
6,Conil,FR,2021-10-28 23:14:09,44.9673,3.7177,47.68,83,35,13.69,scattered clouds
7,Canyon Lake,US,2021-10-28 23:14:09,29.8752,-98.2625,76.05,28,0,4.0,clear sky
8,Shieli,KZ,2021-10-28 23:14:09,44.1667,66.75,46.11,58,100,6.82,overcast clouds
9,Katastarion,GR,2021-10-28 23:14:10,37.8333,20.7667,49.89,64,6,13.76,clear sky
10,Kapaa,US,2021-10-28 23:13:41,22.0752,-159.319,79.48,82,20,4.0,light rain
11,Ribeira Grande,PT,2021-10-28 23:14:10,38.5167,-28.7,70.48,90,92,27.83,overcast clouds
12,Yeniseysk,RU,2021-10-28 23:14:11,58.4497,92.1703,30.76,65,100,8.55,overcast clouds
13,Abha,SA,2021-10-28 23:14:11,18.2164,42.5053,55.65,54,0,0.0,clear sky
14,Bakchar,RU,2021-10-28 23:14:11,57.0186,82.0711,34.52,53,100,13.47,overcast clouds
15,Fallon,US,2021-10-28 23:14:12,39.4735,-118.7774,69.42,48,1,5.75,clear sky
16,Butaritari,KI,2021-10-28 23:14:12,3.0707,172.7902,82.2,69,8,12.03,clear sky
17,Mataura,NZ,2021-10-28 23:11:47,-46.1927,168.8643,67.23,55,30,1.01,scattered clouds
18,Yellowknife,CA,2021-10-28 23:14:13,62.456,-114.3525,33.42,99,100,5.01,light snow
19,Manaus,BR,2021-10-28 23:14:12,-3.1019,-60.025,81.1,89,20,2.3,few clouds
20,Nanortalik,GL,2021-10-28 23:14:13,60.1432,-45.2371,35.83,75,91,3.18,overcast clouds
21,Craig,US,2021-10-28 23:14:13,40.5153,-107.5464,50.99,57,90,8.05,overcast clouds
22,Punta Arenas,CL,2021-10-28 23:13:46,-53.15,-70.9167,59.11,58,90,13.8,overcast clouds
23,Hobart,AU,2021-10-28 23:11:37,-42.8794,147.3294,46.26,95,90,5.99,moderate rain
24,Gijon,ES,2021-10-28 23:14:14,43.5357,-5.6615,61.84,84,100,4.38,overcast clouds
25,Port Augusta,AU,2021-10-28 23:14:14,-32.5,137.7667,61.7,67,74,15.61,broken clouds
26,Najran,SA,2021-10-28 23:14:15,17.4924,44.1277,62.98,27,1,0.63,clear sky
27,Uvalde,US,2021-10-28 23:14:15,29.3669,-99.767,79.14,16,1,11.5,clear sky
28,San Felipe,VE,2021-10-28 23:14:15,10.3399,-68.7425,74.5,86,92,2.75,overcast clouds
29,Ushuaia,AR,2021-10-28 23:12:28,-54.8,-68.3,58.66,38,20,9.22,few clouds
30,Castro,BR,2021-10-28 23:14:16,-24.7911,-50.0119,61.81,96,91,7.92,overcast clouds
31,Bethel,US,2021-10-28 23:13:46,41.3712,-73.414,53.69,80,90,4.61,overcast clouds
32,Upernavik,GL,2021-10-28 23:14:16,72.7868,-56.1549,20.17,59,98,4.94,overcast clouds
33,Kruisfontein,ZA,2021-10-28 23:12:17,-34.0033,24.7314,63.88,79,100,10.29,overcast clouds
34,Port Elizabeth,ZA,2021-10-28 23:12:19,-33.918,25.5701,66.09,86,100,9.89,overcast clouds
35,Bowen,AU,2021-10-28 23:14:17,-20.0167,148.2333,80.67,61,4,7.81,clear sky
36,Moose Factory,CA,2021-10-28 23:14:17,51.2585,-80.6094,44.13,77,14,5.41,few clouds
37,Noumea,NC,2021-10-28 23:14:17,-22.2763,166.4572,82.38,99,1,12.33,clear sky
38,Pevek,RU,2021-10-28 23:13:23,69.7008,170.3133,1.92,93,100,4.74,overcast clouds
39,Norfolk,US,2021-10-28 23:12:23,42.1668,-71.2495,50.47,84,20,0.0,few clouds
40,Afyonkarahisar,TR,2021-10-28 23:14:18,38.75,30.6667,43.99,75,0,2.39,clear sky
41,Tambacounda,SN,2021-10-28 23:14:19,13.7539,-13.7586,77.18,77,100,8.39,overcast clouds
42,Qandala,SO,2021-10-28 23:14:19,11.472,49.8728,79.7,53,1,4.83,clear sky
43,Guerrero Negro,MX,2021-10-28 23:12:05,27.9769,-114.0611,78.76,36,0,12.93,clear sky
44,Vaini,TO,2021-10-28 23:14:19,-21.2,-175.2,80.76,78,75,10.36,broken clouds
45,Tessalit,ML,2021-10-28 23:14:20,20.1986,1.0114,81.97,19,88,9.28,overcast clouds
46,Hobyo,SO,2021-10-28 23:14:20,5.3505,48.5268,79.03,76,15,4.65,few clouds
47,Bonavista,CA,2021-10-28 23:13:05,48.6499,-53.1147,40.12,74,100,16.96,overcast clouds
48,Dubti,ET,2021-10-28 23:14:21,11.7361,41.0853,82.04,29,15,10.04,few clouds
49,Busselton,AU,2021-10-28 23:14:21,-33.65,115.3333,47.05,72,52,7.72,broken clouds
50,Kodiak,US,2021-10-28 23:11:46,57.79,-152.4072,42.31,45,20,8.05,few clouds
51,Bacolod,PH,2021-10-28 23:14:22,10.6667,122.95,80.02,83,70,7.83,broken clouds
52,Mar Del Plata,AR,2021-10-28 23:14:22,-38.0023,-57.5575,68.02,86,0,20.0,clear sky
53,Port Alfred,ZA,2021-10-28 23:14:22,-33.5906,26.891,67.17,95,100,10.74,light rain
54,Cherskiy,RU,2021-10-28 23:14:22,68.75,161.3,-12.93,92,91,3.38,overcast clouds
55,Bredasdorp,ZA,2021-10-28 23:14:23,-34.5322,20.0403,57.27,93,16,4.59,light rain
56,Atagay,RU,2021-10-28 23:14:23,55.1033,99.3875,24.98,65,18,3.94,few clouds
57,Parintins,BR,2021-10-28 23:14:24,-2.6283,-56.7358,81.3,64,78,0.51,broken clouds
58,Payakumbuh,ID,2021-10-28 23:14:24,-0.2202,100.6308,69.62,94,100,1.81,overcast clouds
59,Olean,US,2021-10-28 23:10:50,42.0776,-78.4297,58.21,87,100,7.78,overcast clouds
60,Carmelo,UY,2021-10-28 23:14:24,-33.9892,-58.2856,83.19,66,99,8.32,overcast clouds
61,Esperance,AU,2021-10-28 23:12:23,-33.8667,121.9,51.64,72,87,12.06,overcast clouds
62,Torbay,CA,2021-10-28 23:12:04,47.6666,-52.7314,39.58,92,100,5.01,overcast clouds
63,Pisco,PE,2021-10-28 23:14:25,-13.7,-76.2167,63.01,88,0,20.71,clear sky
64,Porto Franco,BR,2021-10-28 23:14:25,-6.3383,-47.3992,80.13,67,64,4.59,broken clouds
65,Hope,US,2021-10-28 23:14:26,33.6671,-93.5916,62.65,70,100,18.3,overcast clouds
66,Rikitea,PF,2021-10-28 23:11:46,-23.1203,-134.9692,75.69,79,81,19.6,light rain
67,Namwala,ZM,2021-10-28 23:14:26,-15.7504,26.4384,72.55,50,0,3.36,clear sky
68,Sao Filipe,CV,2021-10-28 23:14:26,14.8961,-24.4956,78.89,79,100,13.02,overcast clouds
69,Hofn,IS,2021-10-28 23:14:27,64.2539,-15.2082,42.82,88,100,15.14,overcast clouds
70,Mount Isa,AU,2021-10-28 23:14:27,-20.7333,139.5,74.97,94,75,8.05,broken clouds
71,Thompson,CA,2021-10-28 23:12:11,55.7435,-97.8558,44.73,80,96,7.61,overcast clouds
72,Victoria,HK,2021-10-28 23:14:28,22.2855,114.1577,77.32,86,84,1.99,broken clouds
73,Mackay,AU,2021-10-28 23:14:28,-21.15,149.2,85.68,61,5,8.86,clear sky
74,Hilo,US,2021-10-28 23:14:28,19.7297,-155.09,82.13,71,20,10.36,few clouds
75,Clyde River,CA,2021-10-28 23:14:28,70.4692,-68.5914,30.42,96,100,5.32,overcast clouds
76,Ostrovnoy,RU,2021-10-28 23:14:29,68.0531,39.5131,28.06,86,100,18.19,overcast clouds
77,Dakar,SN,2021-10-28 23:14:29,14.6937,-17.4441,79.68,77,100,12.71,overcast clouds
78,Komsomolskiy,UZ,2021-10-28 23:14:05,40.4272,71.7189,48.92,61,40,4.61,scattered clouds
79,East London,ZA,2021-10-28 23:09:55,-33.0153,27.9116,66.4,96,100,11.16,moderate rain
80,Lubango,AO,2021-10-28 23:14:30,-14.9172,13.4925,64.13,66,70,1.61,broken clouds
81,Banda Aceh,ID,2021-10-28 23:14:30,5.5577,95.3222,79.12,86,92,6.29,overcast clouds
82,Ilulissat,GL,2021-10-28 23:14:30,69.2167,-51.1,26.62,68,75,11.5,broken clouds
83,Luanda,AO,2021-10-28 23:14:31,-8.8368,13.2343,74.44,81,100,10.67,light rain
84,Hithadhoo,MV,2021-10-28 23:14:31,-0.6,73.0833,83.17,74,100,13.6,overcast clouds
85,Iqaluit,CA,2021-10-28 23:11:58,63.7506,-68.5145,38.7,55,100,11.01,overcast clouds
86,Piacabucu,BR,2021-10-28 23:14:32,-10.4056,-36.4344,76.39,83,66,9.1,broken clouds
87,Havelock,US,2021-10-28 23:14:32,34.8791,-76.9013,65.93,90,100,1.01,overcast clouds
88,Naze,JP,2021-10-28 23:13:47,28.3667,129.4833,68.31,64,41,10.51,scattered clouds
89,Teya,RU,2021-10-28 23:14:32,60.3778,92.6267,26.58,85,100,9.44,overcast clouds
90,Pokosnoye,RU,2021-10-28 23:14:33,55.5258,101.0536,23.45,54,24,3.58,few clouds
91,Kampong Cham,KH,2021-10-28 23:14:33,11.9934,105.4635,74.05,94,57,1.77,broken clouds
92,Albany,US,2021-10-28 23:11:20,42.6001,-73.9662,49.08,87,0,0.58,clear sky
93,San Cristobal,VE,2021-10-28 23:10:12,7.7669,-72.225,75.38,97,68,3.62,broken clouds
94,Lagoa,PT,2021-10-28 23:13:17,39.05,-27.9833,68.56,85,95,27.04,overcast clouds
95,Saint-Pierre,RE,2021-10-28 23:14:34,-21.3393,55.4781,74.88,66,75,5.75,light rain
96,Bambous Virieux,MU,2021-10-28 23:14:34,-20.3428,57.7575,73.22,78,2,12.64,clear sky
97,Dudinka,RU,2021-10-28 23:14:35,69.4058,86.1778,0.01,88,99,11.14,overcast clouds
98,Bhuj,IN,2021-10-28 23:14:35,23.2667,69.6667,77.25,29,0,5.12,clear sky
99,Novouzensk,RU,2021-10-28 23:14:36,50.4592,48.1431,41.76,51,100,8.1,overcast clouds
100,Bluff,NZ,2021-10-28 23:13:28,-46.6,168.3333,58.6,79,45,6.26,scattered clouds
101,Ayagoz,KZ,2021-10-28 23:14:36,47.9714,80.4392,42.53,91,65,7.92,broken clouds
102,Srednekolymsk,RU,2021-10-28 23:14:36,67.45,153.6833,-0.8,92,90,0.25,overcast clouds
103,Ladushkin,RU,2021-10-28 23:14:37,54.5703,20.171,46.26,85,35,9.8,scattered clouds
104,Dikson,RU,2021-10-28 23:14:37,73.5069,80.5464,9.34,91,100,7.61,overcast clouds
105,Melilla,ES,2021-10-28 23:14:37,35.2937,-2.9383,61.18,88,0,1.14,clear sky
106,Grindavik,IS,2021-10-28 23:14:38,63.8424,-22.4338,41.47,87,90,20.71,overcast clouds
107,New Norfolk,AU,2021-10-28 23:13:29,-42.7826,147.0587,45.91,99,100,6.76,light rain
108,Svetlyy,RU,2021-10-28 23:14:38,54.675,20.1347,46.45,86,35,9.6,scattered clouds
109,Airai,TL,2021-10-28 23:14:38,-8.9266,125.4092,67.93,67,99,1.61,overcast clouds
110,Barrow,US,2021-10-28 23:11:48,71.2906,-156.7887,23.02,80,90,13.8,light snow
111,Artyom,AZ,2021-10-28 23:11:08,40.4723,50.333,44.74,78,23,9.75,few clouds
112,Cockburn Town,TC,2021-10-28 23:14:39,21.4612,-71.1419,82.65,70,2,7.72,clear sky
113,Husavik,IS,2021-10-28 23:14:39,66.0449,-17.3389,42.71,96,100,20.2,light rain
114,Coruripe,BR,2021-10-28 23:14:40,-10.1256,-36.1756,76.21,84,83,10.18,broken clouds
115,Oktyabrskiy,RU,2021-10-28 23:14:40,54.4815,53.471,38.23,81,100,6.17,overcast clouds
116,Margate,GB,2021-10-28 23:11:47,51.3813,1.3862,59.31,79,63,3.0,broken clouds
117,Faanui,PF,2021-10-28 23:14:40,-16.4833,-151.75,78.73,78,30,9.06,moderate rain
118,Cornelio Procopio,BR,2021-10-28 23:14:41,-23.1811,-50.6467,79.43,79,85,11.63,overcast clouds
119,Gravdal,NO,2021-10-28 23:14:41,68.1214,13.5031,48.45,80,100,26.55,light rain
120,Hami,CN,2021-10-28 23:14:42,42.8,93.45,47.46,38,33,3.58,scattered clouds
121,Ponta Do Sol,PT,2021-10-28 23:14:42,32.6667,-17.1,68.72,70,77,6.2,broken clouds
122,Mahebourg,MU,2021-10-28 23:14:42,-20.4081,57.7,73.26,79,3,12.41,clear sky
123,Hamilton,US,2021-10-28 23:14:43,39.1834,-84.5333,56.43,96,90,1.01,overcast clouds
124,Turukhansk,RU,2021-10-28 23:14:43,65.8167,87.9833,15.94,79,100,18.77,overcast clouds
125,Tuktoyaktuk,CA,2021-10-28 23:14:16,69.4541,-133.0374,27.5,83,100,3.85,overcast clouds
126,Tasiilaq,GL,2021-10-28 23:14:44,65.6145,-37.6368,30.36,72,56,8.61,broken clouds
127,Bandarbeyla,SO,2021-10-28 23:14:44,9.4942,50.8122,76.12,71,3,3.8,clear sky
128,San Quintin,MX,2021-10-28 23:14:44,30.4833,-115.95,75.22,39,0,5.64,clear sky
129,Lazarev,RU,2021-10-28 23:14:45,52.225,141.5131,37.35,72,2,4.88,clear sky
130,Lebu,CL,2021-10-28 23:14:45,-37.6167,-73.65,53.85,87,3,15.59,clear sky
131,Alyangula,AU,2021-10-28 23:12:16,-13.8483,136.4192,84.97,66,61,11.7,broken clouds
132,Carnarvon,AU,2021-10-28 23:11:52,-24.8667,113.6333,64.47,45,0,24.16,clear sky
133,Bang Racham,TH,2021-10-28 23:14:45,14.892,100.3173,74.95,96,100,3.6,overcast clouds
134,Kavieng,PG,2021-10-28 23:14:46,-2.5744,150.7967,85.32,69,64,8.52,broken clouds
135,Morehead,US,2021-10-28 23:14:46,37.2711,-87.1764,60.55,87,75,4.61,light rain
136,Ajdabiya,LY,2021-10-28 23:14:46,30.7554,20.2263,70.74,73,90,5.59,overcast clouds
137,Qaanaaq,GL,2021-10-28 23:11:55,77.484,-69.3632,20.21,87,98,6.78,overcast clouds
138,Puerto Ayora,EC,2021-10-28 23:14:47,-0.7393,-90.3518,68.56,92,44,5.01,scattered clouds
139,Agnibilekrou,CI,2021-10-28 23:14:47,7.1344,-3.2047,71.56,97,95,2.17,overcast clouds
140,Qaqortoq,GL,2021-10-28 23:14:47,60.7167,-46.0333,30.7,72,94,5.23,overcast clouds
141,Cape Town,ZA,2021-10-28 23:13:15,-33.9258,18.4232,62.35,69,13,4.0,few clouds
142,La Ronge,CA,2021-10-28 23:14:48,55.1001,-105.2842,44.6,56,7,9.06,clear sky
143,Vila Velha,BR,2021-10-28 23:14:48,-20.3297,-40.2925,76.95,78,75,8.05,broken clouds
144,Cabo San Lucas,MX,2021-10-28 23:10:10,22.8909,-109.9124,87.62,65,1,10.36,clear sky
145,Nikolskoye,RU,2021-10-28 23:14:49,59.7035,30.7861,47.88,95,100,10.67,light rain
146,Havre-Saint-Pierre,CA,2021-10-28 23:14:49,50.2334,-63.5986,44.58,58,0,8.66,clear sky
147,Tekeli,KZ,2021-10-28 23:14:21,44.83,78.8239,39.31,68,14,6.29,few clouds
148,Makat,KZ,2021-10-28 23:14:50,47.6469,53.3463,41.49,71,82,7.45,broken clouds
149,Trapani,IT,2021-10-28 23:09:50,37.8333,12.6667,65.34,84,100,3.87,overcast clouds
150,Golden,US,2021-10-28 23:11:24,39.7555,-105.2211,62.19,35,20,1.01,few clouds
151,Constitucion,CL,2021-10-28 23:12:01,-35.3333,-72.4167,57.38,75,12,14.47,few clouds
152,Tiksi,RU,2021-10-28 23:14:50,71.6872,128.8694,11.52,96,100,4.9,light snow
153,Marzuq,YE,2021-10-28 23:14:51,14.4,46.4667,71.15,31,5,3.51,clear sky
154,Denpasar,ID,2021-10-28 23:14:51,-8.65,115.2167,80.26,88,75,2.3,broken clouds
155,Lata,PT,2021-10-28 23:14:51,40.1629,-8.3327,63.05,91,100,6.62,light rain
156,Praia,CV,2021-10-28 23:14:51,14.9215,-23.5087,75.74,88,40,11.5,scattered clouds
157,Broome,US,2021-10-28 23:14:52,42.2506,-75.833,54.36,66,1,1.01,clear sky
158,Villa Maria,AR,2021-10-28 23:14:52,-32.4075,-63.2402,81.82,39,0,9.28,clear sky
159,Nishihara,JP,2021-10-28 23:14:52,26.1842,127.7558,70.88,60,20,6.91,few clouds
160,Luderitz,NA,2021-10-28 23:12:42,-26.6481,15.1594,57.49,88,3,6.24,clear sky
161,Comodoro Rivadavia,AR,2021-10-28 23:14:53,-45.8667,-67.5,67.86,30,0,12.66,clear sky
162,Eugene,US,2021-10-28 23:11:04,44.0521,-123.0867,71.82,75,75,1.01,broken clouds
163,Atuona,PF,2021-10-28 23:13:33,-9.8,-139.0333,78.66,66,1,15.95,clear sky
164,Nuuk,GL,2021-10-28 23:14:54,64.1835,-51.7216,30.81,74,90,10.36,overcast clouds
165,Antofagasta,CL,2021-10-28 23:14:54,-23.65,-70.4,60.08,72,32,2.13,scattered clouds
166,Saldanha,ZA,2021-10-28 23:14:54,-33.0117,17.9442,60.85,88,34,15.46,scattered clouds
167,Sieradz,PL,2021-10-28 23:14:55,51.5958,18.7302,46.8,89,20,8.59,few clouds
168,Nizhyn,UA,2021-10-28 23:14:55,51.048,31.8869,44.8,95,19,4.76,few clouds
169,Ancud,CL,2021-10-28 23:14:55,-41.8697,-73.8203,58.53,76,38,6.58,scattered clouds
170,Acari,PE,2021-10-28 23:14:56,-15.4311,-74.6158,71.02,72,84,5.7,broken clouds
171,Avarua,CK,2021-10-28 23:14:20,-21.2078,-159.775,77.05,65,75,10.36,broken clouds
172,Kaitangata,NZ,2021-10-28 23:14:56,-46.2817,169.8464,60.62,69,54,5.19,broken clouds
173,Atasu,KZ,2021-10-28 23:14:56,48.6814,71.6433,32.99,36,23,6.02,few clouds
174,Port Hedland,AU,2021-10-28 23:14:57,-20.3167,118.5667,75.25,73,3,8.05,clear sky
175,Izumo,JP,2021-10-28 23:14:57,35.3667,132.7667,57.63,69,5,10.47,clear sky
176,Spirit River,CA,2021-10-28 23:14:58,55.7833,-118.8361,45.75,37,64,12.48,broken clouds
177,Arraial Do Cabo,BR,2021-10-28 23:14:58,-22.9661,-42.0278,71.94,88,100,16.08,light rain
178,Erenhot,CN,2021-10-28 23:14:58,43.6475,111.9767,43.14,49,100,10.13,overcast clouds
179,Tual,ID,2021-10-28 23:14:58,-5.6667,132.75,83.07,75,98,3.83,overcast clouds
180,Rabo De Peixe,PT,2021-10-28 23:14:59,37.8,-25.5833,69.31,78,40,14.97,scattered clouds
181,Heishan,CN,2021-10-28 23:14:59,41.6892,122.1128,48.58,44,100,3.94,overcast clouds
182,Mpongwe,ZM,2021-10-28 23:14:59,-13.5091,28.155,67.05,58,1,5.91,clear sky
183,Nanakuli,US,2021-10-28 23:15:00,21.3906,-158.1547,83.71,65,75,11.5,broken clouds
184,Guia Lopes Da Laguna,BR,2021-10-28 23:15:00,-21.4578,-56.1142,74.57,84,55,4.47,broken clouds
185,Ilam,NP,2021-10-28 23:15:01,26.9167,87.9167,56.71,70,0,5.99,clear sky
186,Zhigansk,RU,2021-10-28 23:15:01,66.7697,123.3711,14.04,94,100,10.04,overcast clouds
187,Kalanguy,RU,2021-10-28 23:15:02,51.0167,116.5167,31.98,82,41,5.68,scattered clouds
188,Mugur-Aksy,RU,2021-10-28 23:15:03,50.35,90.5,14.41,81,21,5.93,few clouds
189,Chuy,UY,2021-10-28 23:15:04,-33.6971,-53.4616,64.6,83,0,9.19,clear sky
190,Fortuna,US,2021-10-28 23:15:04,40.5982,-124.1573,74.19,68,1,3.0,clear sky
191,Dingle,PH,2021-10-28 23:15:05,10.9995,122.6711,77.43,90,87,7.61,overcast clouds
192,Berlevag,NO,2021-10-28 23:15:06,70.8578,29.0864,33.39,89,100,17.13,light snow
193,Paita,PE,2021-10-28 23:15:06,-5.0892,-81.1144,66.94,80,20,16.22,few clouds
194,Geraldton,AU,2021-10-28 23:15:07,-28.7667,114.6,52.12,81,3,5.75,clear sky
195,Marawi,PH,2021-10-28 23:15:07,7.9986,124.2928,68.65,89,19,1.25,few clouds
196,Ciudad Dario,NI,2021-10-28 23:15:08,12.7314,-86.124,79.57,93,47,2.86,scattered clouds
197,Provideniya,RU,2021-10-28 23:15:08,64.3833,-173.3,15.91,73,90,8.95,light snow
198,Knyaze-Volkonskoye,RU,2021-10-28 23:15:08,48.4642,135.4567,37.74,76,0,6.42,clear sky
199,Limbang,MY,2021-10-28 23:15:09,4.75,115.0,77.11,97,99,2.46,overcast clouds
200,Hambantota,LK,2021-10-28 23:11:41,6.1241,81.1185,78.15,84,94,3.96,light rain
201,Yar-Sale,RU,2021-10-28 23:15:09,66.8333,70.8333,22.87,96,100,10.96,snow
202,Krasnoselkup,RU,2021-10-28 23:15:09,65.7,82.4667,21.42,94,100,21.9,light snow
203,Areka,ET,2021-10-28 23:15:10,7.0667,37.7,57.9,51,36,4.25,scattered clouds
204,El Campo,US,2021-10-28 23:14:13,29.1966,-96.2697,76.68,22,1,19.57,clear sky
205,Buala,SB,2021-10-28 23:15:10,-8.145,159.5921,85.77,70,60,6.6,light rain
206,Chokurdakh,RU,2021-10-28 23:11:45,70.6333,147.9167,-8.68,96,96,3.98,overcast clouds
207,Dera Ghazi Khan,PK,2021-10-28 23:15:05,30.0561,70.6348,68.72,29,0,2.77,clear sky
208,Gravelbourg,CA,2021-10-28 23:15:11,49.8834,-106.5512,50.27,22,13,3.98,few clouds
209,Pacific Grove,US,2021-10-28 23:10:36,36.6177,-121.9166,83.57,64,1,5.01,clear sky
210,General Pico,AR,2021-10-28 23:11:11,-35.6566,-63.7568,87.87,21,3,12.26,clear sky
211,Hovd,MN,2021-10-28 23:13:13,48.0056,91.6419,33.13,56,24,3.51,few clouds
212,Codrington,AU,2021-10-28 23:15:11,-38.2667,141.9667,53.04,60,94,24.38,overcast clouds
213,Cidreira,BR,2021-10-28 23:11:14,-30.1811,-50.2056,68.38,83,1,18.37,clear sky
214,Bathsheba,BB,2021-10-28 23:15:12,13.2167,-59.5167,81.21,78,75,10.36,broken clouds
215,Sur,OM,2021-10-28 23:15:12,22.5667,59.5289,76.53,67,0,1.92,clear sky
216,Mafinga,TZ,2021-10-28 23:15:13,-7.25,35.0667,73.35,47,54,6.38,broken clouds
217,Caravelas,BR,2021-10-28 23:13:01,-17.7125,-39.2481,75.11,71,4,7.61,clear sky
218,Narsaq,GL,2021-10-28 23:15:13,60.9167,-46.05,30.42,69,99,6.15,overcast clouds
219,Copiapo,CL,2021-10-28 23:15:13,-27.3667,-70.3333,53.29,38,0,5.14,clear sky
220,Katsuura,JP,2021-10-28 23:15:14,35.1333,140.3,62.11,55,89,24.34,overcast clouds
221,Sovetskiy,RU,2021-10-28 23:15:14,61.3614,63.5842,21.11,81,81,14.56,broken clouds
222,Adrar,MR,2021-10-28 23:15:15,20.5022,-10.0711,78.08,35,100,9.13,overcast clouds
223,San Patricio,US,2021-10-28 23:11:59,28.017,-97.5169,84.18,21,0,14.38,clear sky
224,Coihaique,CL,2021-10-28 23:15:15,-45.5752,-72.0662,58.95,51,90,3.44,overcast clouds
225,Lompoc,US,2021-10-28 23:15:15,34.6391,-120.4579,89.13,37,1,9.22,clear sky
226,Saskylakh,RU,2021-10-28 23:15:13,71.9167,114.0833,0.01,97,100,10.8,overcast clouds
227,Ludwigsfelde,DE,2021-10-28 23:15:16,52.3,13.2667,51.01,86,0,11.5,clear sky
228,Brandon,US,2021-10-28 23:15:16,27.9378,-82.2859,79.86,83,90,1.01,overcast clouds
229,Saint Anthony,US,2021-10-28 23:11:38,45.0205,-93.218,48.52,93,90,1.99,light rain
230,Viedma,AR,2021-10-28 23:15:17,-40.8135,-62.9967,76.37,32,80,5.46,broken clouds
231,Asau,RO,2021-10-28 23:15:17,46.4333,26.4,47.75,80,10,2.26,clear sky
232,Itarema,BR,2021-10-28 23:15:17,-2.9248,-39.9167,80.24,78,20,15.52,few clouds
233,Itapage,BR,2021-10-28 23:15:18,-3.6867,-39.5861,77.04,73,18,6.29,few clouds
234,Tezu,IN,2021-10-28 23:15:18,27.9167,96.1667,64.45,49,0,4.43,clear sky
235,Sampit,ID,2021-10-28 23:15:18,-2.5333,112.95,73.85,98,100,1.57,overcast clouds
236,Leningradskiy,RU,2021-10-28 23:12:46,69.3833,178.4167,4.75,89,99,6.69,overcast clouds
237,Georgetown,MY,2021-10-28 23:15:19,5.4112,100.3354,78.73,88,40,1.14,scattered clouds
238,Gwadar,PK,2021-10-28 23:15:19,25.1216,62.3254,77.92,58,0,7.07,clear sky
239,Andenes,NO,2021-10-28 23:15:19,69.3143,16.1194,43.07,100,100,8.05,overcast clouds
240,Tautira,PF,2021-10-28 23:15:20,-17.7333,-149.15,73.42,79,56,11.99,light rain
241,Tuatapere,NZ,2021-10-28 23:13:26,-46.1333,167.6833,65.55,58,46,2.86,scattered clouds
242,Mutsu,JP,2021-10-28 23:15:21,41.2894,141.2169,55.99,65,13,12.88,few clouds
243,Harper,LR,2021-10-28 23:15:21,4.375,-7.7169,77.94,85,98,5.75,light rain
244,Yulara,AU,2021-10-28 23:13:47,-25.2406,130.9889,68.23,24,40,16.46,scattered clouds
245,Lasa,IT,2021-10-28 23:12:29,46.6166,10.7002,47.89,45,7,3.96,clear sky
246,Westerland,DE,2021-10-28 23:15:22,54.9079,8.3033,51.93,87,2,13.8,clear sky
247,Cayenne,GF,2021-10-28 23:11:57,4.9333,-52.3333,82.09,80,0,1.99,clear sky
248,Anori,BR,2021-10-28 23:15:22,-3.7728,-61.6442,77.67,85,98,1.9,overcast clouds
249,Shingu,JP,2021-10-28 23:15:23,33.7333,135.9833,59.99,62,0,5.46,clear sky
250,Bengkulu,ID,2021-10-28 23:13:15,-3.8004,102.2655,76.59,86,97,3.18,overcast clouds
251,Bitung,ID,2021-10-28 23:15:23,1.4451,125.1824,77.85,78,83,4.97,very heavy rain
252,Mayumba,GA,2021-10-28 23:15:24,-3.432,10.6554,76.41,88,74,7.07,broken clouds
253,Jalu,LY,2021-10-28 23:15:24,29.0331,21.5482,72.72,43,17,5.97,few clouds
254,Chalon-Sur-Saone,FR,2021-10-28 23:15:25,46.7833,4.85,55.18,83,11,4.5,few clouds
255,Sidvokodvo,SZ,2021-10-28 23:15:25,-26.6282,31.4202,62.1,86,99,4.03,overcast clouds
256,Rocha,UY,2021-10-28 23:15:25,-34.4833,-54.3333,62.33,87,0,7.81,light rain
257,Oistins,BB,2021-10-28 23:15:26,13.0667,-59.5333,80.69,78,75,10.36,broken clouds
258,Wanning,CN,2021-10-28 23:15:26,18.8003,110.3967,76.57,92,100,10.63,light rain
259,Timmins,CA,2021-10-28 23:10:35,48.4669,-81.3331,42.46,72,80,5.46,broken clouds
260,Polyarnyy,RU,2021-10-28 23:15:26,69.1989,33.4478,30.67,89,100,17.83,overcast clouds
261,Mildura,AU,2021-10-28 23:15:27,-34.2,142.15,60.76,59,90,12.66,overcast clouds
262,Coahuayana,MX,2021-10-28 23:15:27,18.7333,-103.6833,85.48,72,19,4.45,few clouds
263,Kandalaksha,RU,2021-10-28 23:15:28,67.162,32.4123,31.78,98,100,6.89,light snow
264,Isangel,VU,2021-10-28 23:12:58,-19.55,169.2667,81.09,72,29,7.7,scattered clouds
265,Sakaiminato,JP,2021-10-28 23:15:28,35.55,133.2333,62.53,59,75,12.66,broken clouds
266,Labuhan,ID,2021-10-28 23:15:29,-6.8844,112.2051,79.9,82,100,6.15,overcast clouds
267,Beringovskiy,RU,2021-10-28 23:15:29,63.05,179.3167,7.21,81,25,5.75,scattered clouds
268,Bayir,TR,2021-10-28 23:15:29,37.2687,28.2167,48.72,44,0,2.64,clear sky
269,Linares,CL,2021-10-28 23:13:26,-35.85,-71.6,71.85,33,0,4.94,clear sky
270,Aykhal,RU,2021-10-28 23:15:30,66.0,111.5,2.46,96,100,14.07,overcast clouds
271,Ipixuna,BR,2021-10-28 23:15:30,-1.7625,-48.8043,78.75,95,86,4.41,moderate rain
272,Hasaki,JP,2021-10-28 23:15:31,35.7333,140.8333,54.0,55,94,27.63,overcast clouds
273,Merauke,ID,2021-10-28 23:15:31,-8.4667,140.3333,83.14,69,87,7.7,overcast clouds
274,Cabedelo,BR,2021-10-28 23:12:03,-6.9811,-34.8339,79.47,73,72,14.32,broken clouds
275,George,ZA,2021-10-28 23:15:31,-33.963,22.4617,64.08,83,88,4.72,overcast clouds
276,Ossora,RU,2021-10-28 23:15:32,59.2353,163.0719,21.52,92,58,2.77,broken clouds
277,Novyy Urengoy,RU,2021-10-28 23:15:32,66.0833,76.6333,23.4,95,100,18.34,light snow
278,Umm Kaddadah,SD,2021-10-28 23:15:33,13.6017,26.6876,80.8,13,26,12.17,scattered clouds
279,Kyabe,TD,2021-10-28 23:15:33,9.4515,18.9449,76.93,66,45,1.25,scattered clouds
280,Santa Maria,BR,2021-10-28 23:15:33,-29.6842,-53.8069,68.16,64,6,7.52,clear sky
281,Berja,ES,2021-10-28 23:15:34,36.8469,-2.9497,62.13,77,71,3.94,broken clouds
282,Dongsheng,CN,2021-10-28 23:15:34,39.8161,109.9776,39.96,56,28,8.95,scattered clouds
283,Severo-Kurilsk,RU,2021-10-28 23:14:53,50.6789,156.125,42.58,95,100,7.11,moderate rain
284,Souillac,MU,2021-10-28 23:15:35,-20.5167,57.5167,73.36,83,20,8.05,few clouds
285,Yebaishou,CN,2021-10-28 23:15:35,41.3975,119.6408,45.39,59,96,3.36,overcast clouds
286,Saint-Philippe,RE,2021-10-28 23:15:35,-21.3585,55.7679,73.22,81,3,3.47,clear sky
287,Khatanga,RU,2021-10-28 23:15:36,71.9667,102.5,-10.91,97,98,9.08,overcast clouds
288,Aksu,CN,2021-10-28 23:15:36,41.1231,80.2644,47.79,41,94,3.71,overcast clouds
289,Mindelo,CV,2021-10-28 23:15:36,16.8901,-24.9804,76.55,73,20,23.02,few clouds
290,Blagoyevo,RU,2021-10-28 23:15:37,63.3667,47.9167,21.87,96,28,4.27,scattered clouds
291,Calderitas,MX,2021-10-28 23:15:37,18.55,-88.25,86.11,79,40,5.75,scattered clouds
292,Mmabatho,ZA,2021-10-28 23:15:38,-25.85,25.6333,60.73,83,89,5.37,overcast clouds
293,Arlit,NE,2021-10-28 23:15:38,18.7369,7.3853,83.75,12,17,8.43,few clouds
294,Akom,CM,2021-10-28 23:15:39,2.6678,12.7109,67.95,99,80,2.13,light rain
295,Nosy Varika,MG,2021-10-28 23:15:39,-20.5833,48.5333,66.65,82,100,11.79,overcast clouds
296,Te Anau,NZ,2021-10-28 23:12:15,-45.4167,167.7167,61.83,61,10,1.01,clear sky
297,Turkistan,KZ,2021-10-28 23:15:40,43.0,68.0,41.13,83,75,5.55,broken clouds
298,Mariinsk,RU,2021-10-28 23:15:40,56.2139,87.7472,33.24,45,100,11.97,overcast clouds
299,Mount Darwin,ZW,2021-10-28 23:15:40,-16.7725,31.5838,64.02,68,4,8.79,clear sky
300,Aasiaat,GL,2021-10-28 23:15:41,68.7098,-52.8699,21.51,96,100,12.77,snow
301,Pozhva,RU,2021-10-28 23:15:41,59.0912,56.0847,21.92,83,95,13.06,overcast clouds
302,Ciudad Bolivar,VE,2021-10-28 23:15:42,8.1222,-63.5497,79.75,79,97,1.36,overcast clouds
303,Suba,PH,2021-10-28 23:15:42,10.8438,121.0102,83.14,74,100,19.77,overcast clouds
304,Dunedin,NZ,2021-10-28 23:15:42,-45.8742,170.5036,58.8,74,80,8.99,broken clouds
305,Vao,NC,2021-10-28 23:13:54,-22.6667,167.4833,71.29,69,0,12.17,clear sky
306,Ormara,PK,2021-10-28 23:15:43,25.2088,64.6357,78.73,62,0,8.37,clear sky
307,Taoudenni,ML,2021-10-28 23:15:43,22.6783,-3.9836,84.25,31,97,4.88,overcast clouds
308,Muncar,ID,2021-10-28 23:15:44,-8.4333,114.3333,78.62,88,100,0.43,overcast clouds
309,Olinda,BR,2021-10-28 23:15:44,-8.0089,-34.8553,80.33,69,75,11.5,broken clouds
310,Nyahururu,KE,2021-10-28 23:15:44,0.0421,36.3673,54.12,69,93,2.48,overcast clouds
311,Rawicz,PL,2021-10-28 23:15:44,51.6095,16.8585,46.53,79,10,1.01,clear sky
312,Aklavik,CA,2021-10-28 23:15:45,68.2191,-135.0107,27.43,96,76,2.55,broken clouds
313,Araouane,ML,2021-10-28 23:15:45,18.9048,-3.5265,82.9,24,79,10.98,broken clouds
314,Hualmay,PE,2021-10-28 23:15:45,-11.0964,-77.6139,65.39,79,63,10.45,broken clouds
315,Panama City,PA,2021-10-28 23:15:46,8.9936,-79.5197,84.38,72,75,2.3,broken clouds
316,Norman Wells,CA,2021-10-28 23:11:55,65.282,-126.8329,23.04,86,90,5.75,light snow
317,Slave Lake,CA,2021-10-28 23:15:46,55.2834,-114.769,44.58,49,90,2.3,overcast clouds
318,Brownsville,US,2021-10-28 23:11:27,25.9018,-97.4975,86.9,21,1,1.99,clear sky
319,Mount Gambier,AU,2021-10-28 23:13:25,-37.8333,140.7667,52.74,56,98,13.76,overcast clouds
320,Waingapu,ID,2021-10-28 23:13:00,-9.6567,120.2641,82.78,72,73,3.6,broken clouds
321,Mazamari,PE,2021-10-28 23:15:47,-11.3258,-74.5308,71.71,92,94,3.06,overcast clouds
322,Dennery,LC,2021-10-28 23:15:47,13.8996,-60.8879,82.49,78,20,2.3,haze
323,Gamba,GA,2021-10-28 23:15:48,-2.65,10.0,76.3,89,98,6.08,overcast clouds
324,Marrakesh,MA,2021-10-28 23:15:48,31.6315,-8.0083,62.67,67,40,5.75,scattered clouds
325,Bang Saphan,TH,2021-10-28 23:15:48,11.2126,99.5117,76.95,94,78,4.9,broken clouds
326,Tashara,RU,2021-10-28 23:15:49,55.5195,83.5094,32.23,48,100,14.25,overcast clouds
327,Hervey Bay,AU,2021-10-28 23:15:49,-25.2986,152.8535,82.51,72,29,17.05,scattered clouds
328,Dzaoudzi,YT,2021-10-28 23:15:50,-12.7887,45.2699,78.69,73,0,11.5,clear sky
329,Broken Hill,AU,2021-10-28 23:15:50,-31.95,141.4333,62.51,51,5,12.73,clear sky
330,Olafsvik,IS,2021-10-28 23:12:04,64.8945,-23.7142,42.17,86,89,31.29,light rain
331,Ozinki,RU,2021-10-28 23:15:51,51.1786,49.6769,39.7,54,100,7.72,overcast clouds
332,Roblin,CA,2021-10-28 23:15:51,51.23,-101.3565,45.59,46,0,12.33,clear sky
333,Wagrowiec,PL,2021-10-28 23:15:51,52.8084,17.1996,47.32,72,12,8.01,few clouds
334,Zhangye,CN,2021-10-28 23:15:52,38.9342,100.4517,40.98,41,0,7.14,clear sky
335,Anadyr,RU,2021-10-28 23:15:52,64.75,177.4833,-1.7,78,0,6.71,clear sky
336,Sitka,US,2021-10-28 23:15:53,57.0531,-135.33,42.69,75,75,8.05,light rain
337,Mantua,IT,2021-10-28 23:15:53,45.1667,10.7833,51.69,89,26,1.01,scattered clouds
338,Scarborough,GB,2021-10-28 23:15:00,54.2797,-0.4044,55.9,85,100,3.0,overcast clouds
339,Zharkent,KZ,2021-10-28 23:15:53,44.1628,80.0,47.39,52,19,2.95,few clouds
340,Dolni Dabnik,BG,2021-10-28 23:15:54,43.4,24.4333,47.08,72,25,3.65,scattered clouds
341,Muros,ES,2021-10-28 23:14:58,42.7762,-9.0603,61.3,94,98,12.8,overcast clouds
342,Brae,GB,2021-10-28 23:15:54,60.3964,-1.353,49.91,91,100,7.49,overcast clouds
343,Aurich,DE,2021-10-28 23:15:55,53.4667,7.4833,50.94,87,22,1.99,few clouds
344,Hohhot,CN,2021-10-28 23:15:55,40.8106,111.6522,32.29,74,40,4.47,scattered clouds
345,Xudat,AZ,2021-10-28 23:15:56,41.631,48.681,49.19,72,0,3.98,clear sky
346,Praia Da Vitoria,PT,2021-10-28 23:15:56,38.7333,-27.0667,69.76,94,75,24.7,broken clouds
347,Kushmurun,KZ,2021-10-28 23:12:28,52.4503,64.6311,37.31,67,82,15.5,broken clouds
348,Alofi,NU,2021-10-28 23:15:56,-19.0595,-169.9187,82.29,61,75,16.11,light rain
349,Ternate,ID,2021-10-28 23:15:57,0.8,127.4,81.64,78,94,4.38,overcast clouds
350,Tazovskiy,RU,2021-10-28 23:15:57,67.4667,78.7,15.46,93,100,20.51,light snow
351,Ouadda,CF,2021-10-28 23:15:58,8.0777,22.4007,70.75,83,98,2.19,overcast clouds
352,Kharitonovo,RU,2021-10-28 23:15:58,61.4009,47.4978,22.08,91,11,5.48,few clouds
353,Vostok,RU,2021-10-28 23:11:47,46.4856,135.8833,33.87,82,2,2.86,clear sky
354,Lerik,AZ,2021-10-28 23:15:59,38.7726,48.4128,29.84,58,1,1.92,clear sky
355,Ahipara,NZ,2021-10-28 23:15:59,-35.1667,173.1667,64.11,71,6,11.83,clear sky
356,Apatity,RU,2021-10-28 23:16:00,67.5641,33.4031,28.63,95,100,10.0,light snow
357,Kalmunai,LK,2021-10-28 23:16:00,7.4167,81.8167,77.68,87,97,4.76,heavy intensity rain
358,Starobachaty,RU,2021-10-28 23:16:01,54.2425,86.2072,30.85,62,100,9.64,overcast clouds
359,Razole,IN,2021-10-28 23:16:01,16.4833,81.8333,76.08,91,100,6.67,overcast clouds
360,Shahganj,IN,2021-10-28 23:16:02,26.05,82.6833,65.79,61,0,3.8,clear sky
361,Arauca,CO,2021-10-28 23:16:03,7.0847,-70.7591,73.49,95,51,1.95,broken clouds
362,Vestmannaeyjar,IS,2021-10-28 23:16:03,63.4427,-20.2734,43.0,81,89,9.44,overcast clouds
363,Ust-Tsilma,RU,2021-10-28 23:16:04,65.441,52.1498,16.77,89,14,6.8,few clouds
364,Sehithwa,BW,2021-10-28 23:11:15,-20.4667,22.7167,73.18,61,46,5.03,scattered clouds
365,Kahului,US,2021-10-28 23:14:47,20.8947,-156.47,86.02,68,40,24.16,scattered clouds
366,Kouango,CF,2021-10-28 23:11:17,4.9934,19.9619,72.37,97,100,1.21,moderate rain
367,Cabinda,AO,2021-10-28 23:16:04,-5.55,12.2,76.12,84,43,6.2,light rain
368,Lazaro Cardenas,MX,2021-10-28 23:16:05,17.9583,-102.2,82.83,72,3,4.61,clear sky
369,Pokhara,NP,2021-10-28 23:14:27,28.2333,83.9833,59.67,58,0,6.33,clear sky
370,Phangnga,TH,2021-10-28 23:16:05,8.4509,98.5298,78.84,95,100,4.03,overcast clouds
371,Pingliang,CN,2021-10-28 23:16:06,35.5392,106.6861,47.86,56,100,2.82,overcast clouds
372,Tairua,NZ,2021-10-28 23:16:06,-37.0167,175.85,67.14,65,27,6.35,scattered clouds
373,Meulaboh,ID,2021-10-28 23:16:06,4.1363,96.1285,77.99,87,90,3.91,overcast clouds
374,Yazman,PK,2021-10-28 23:16:07,29.1212,71.7446,73.98,23,1,6.11,clear sky
375,Talaya,RU,2021-10-28 23:16:07,61.3833,152.75,4.24,94,47,3.15,scattered clouds
376,Nortelandia,BR,2021-10-28 23:16:08,-14.4547,-56.8028,83.14,57,81,4.27,broken clouds
377,Abu Samrah,SY,2021-10-28 23:16:08,35.3029,37.1841,62.91,55,99,7.67,overcast clouds
378,Kitimat,CA,2021-10-28 23:16:08,54.0524,-128.6534,44.98,46,100,0.94,overcast clouds
379,Olavarria,AR,2021-10-28 23:13:32,-36.8927,-60.3225,76.55,56,86,12.08,overcast clouds
380,Xingyi,CN,2021-10-28 23:16:09,24.1877,102.817,57.36,98,100,3.2,overcast clouds
381,Marathon,US,2021-10-28 23:16:09,44.9,-89.7668,53.13,82,90,1.01,light rain
382,Paracuru,BR,2021-10-28 23:16:09,-3.41,-39.0306,82.42,77,7,12.53,clear sky
383,Imbituba,BR,2021-10-28 23:13:46,-28.24,-48.6703,69.69,82,68,4.92,broken clouds
384,Aripuana,BR,2021-10-28 23:16:10,-9.1667,-60.6333,73.33,98,96,2.1,overcast clouds
385,Langsa,ID,2021-10-28 23:16:10,4.4683,97.9683,74.5,97,100,2.68,moderate rain
386,Estelle,US,2021-10-28 23:16:10,29.8458,-90.1067,69.01,50,75,16.11,broken clouds
387,Kutum,SD,2021-10-28 23:16:11,14.2,24.6667,71.78,15,9,10.83,clear sky
388,Leh,IN,2021-10-28 23:16:11,34.1667,77.5833,24.13,57,0,1.99,clear sky
389,Fengcheng,CN,2021-10-28 23:16:11,40.4536,124.0717,45.34,60,100,1.99,overcast clouds
390,Male,MV,2021-10-28 23:16:12,4.1748,73.5089,81.16,78,76,9.22,broken clouds
391,Pyapon,MM,2021-10-28 23:16:12,16.2833,95.6833,74.98,95,59,6.42,broken clouds
392,Bosaso,SO,2021-10-28 23:16:13,11.2842,49.1816,78.89,55,0,4.99,clear sky
393,Quatre Cocos,MU,2021-10-28 23:16:13,-20.2078,57.7625,73.09,78,5,11.52,clear sky
394,Mahajanga,MG,2021-10-28 23:16:13,-15.7167,46.3167,75.22,73,20,5.75,few clouds
395,Kalangala,UG,2021-10-28 23:16:14,-0.3089,32.225,74.5,64,80,2.77,broken clouds
396,Nova Vicosa,BR,2021-10-28 23:16:14,-17.8919,-39.3719,75.25,71,4,9.46,clear sky
397,Klaksvik,FO,2021-10-28 23:16:14,62.2266,-6.589,49.12,88,69,25.05,broken clouds
398,Esil,KZ,2021-10-28 23:16:15,51.9556,66.4042,34.65,55,81,15.97,broken clouds
399,Yanam,IN,2021-10-28 23:16:15,16.7333,82.2167,78.58,84,100,9.04,overcast clouds
400,Ambilobe,MG,2021-10-28 23:16:15,-13.2,49.05,73.06,91,66,1.19,light rain
401,Damara,CF,2021-10-28 23:16:16,4.9608,18.7035,71.35,96,75,0.56,light rain
402,Rolla,US,2021-10-28 23:16:16,37.9514,-91.7713,49.51,96,90,5.01,mist
403,Auki,SB,2021-10-28 23:16:16,-8.7676,160.7034,87.06,62,13,3.71,few clouds
404,Sorland,NO,2021-10-28 23:16:17,67.667,12.6934,48.0,86,100,25.68,overcast clouds
405,Selizharovo,RU,2021-10-28 23:16:17,56.8519,33.4487,40.08,88,100,6.29,overcast clouds
406,Vardo,NO,2021-10-28 23:16:18,70.3705,31.1107,33.76,96,100,23.38,light rain
407,Mbanza-Ngungu,CD,2021-10-28 23:16:18,-5.25,14.8667,69.85,87,27,2.8,light rain
408,Mizdah,LY,2021-10-28 23:16:18,31.4451,12.9801,61.45,54,100,7.05,overcast clouds
409,Pilani,IN,2021-10-28 23:16:19,28.3684,75.6041,69.1,34,0,2.91,clear sky
410,Afsin,TR,2021-10-28 23:16:19,38.2477,36.914,47.71,74,97,2.66,overcast clouds
411,Westport,US,2021-10-28 23:13:37,41.1415,-73.3579,55.74,82,75,3.0,broken clouds
412,Opuwo,NA,2021-10-28 23:16:19,-18.0607,13.84,72.18,35,49,3.11,scattered clouds
413,Chihuahua,MX,2021-10-28 23:11:33,28.5,-106.0,70.63,14,0,4.65,clear sky
414,Plyussa,RU,2021-10-28 23:16:20,58.4308,29.3654,51.73,96,100,9.71,overcast clouds
415,Tsalenjikha,GE,2021-10-28 23:16:20,42.6044,42.0682,50.22,75,38,3.96,scattered clouds
416,Saint George,US,2021-10-28 23:15:28,37.1041,-113.5841,79.27,30,1,4.0,clear sky
417,Los Llanos De Aridane,ES,2021-10-28 23:16:21,28.6585,-17.9182,65.95,78,40,4.0,scattered clouds
418,Bilma,NE,2021-10-28 23:16:21,18.6853,12.9164,80.38,17,47,4.52,scattered clouds
419,Wum,CM,2021-10-28 23:16:21,6.3833,10.0667,64.71,94,38,2.75,scattered clouds
420,Nome,US,2021-10-28 23:16:22,64.5011,-165.4064,24.87,68,90,6.91,overcast clouds
421,Keffi,NG,2021-10-28 23:16:22,8.8486,7.8736,75.7,86,73,0.49,broken clouds
422,Arvin,US,2021-10-28 23:16:22,35.2091,-118.8284,88.66,40,0,3.94,clear sky
423,Kugulta,RU,2021-10-28 23:16:23,45.3636,42.3889,39.29,66,93,7.56,overcast clouds
424,Atar,MR,2021-10-28 23:16:23,20.5169,-13.0499,80.1,40,93,3.49,overcast clouds
425,Pangai,TO,2021-10-28 23:16:23,-19.8,-174.35,80.71,57,20,12.66,few clouds
426,Narok,KE,2021-10-28 23:16:24,-1.0783,35.8601,58.1,71,74,4.65,broken clouds
427,Miri,MY,2021-10-28 23:16:24,4.4148,114.0089,75.34,100,40,3.44,light rain
428,Shebalino,RU,2021-10-28 23:16:24,51.2917,85.6772,28.87,94,16,6.42,few clouds
429,Port Blair,IN,2021-10-28 23:12:15,11.6667,92.75,80.56,81,36,9.26,scattered clouds
430,Ewa Beach,US,2021-10-28 23:12:54,21.3156,-158.0072,83.7,62,75,8.99,broken clouds
431,Puerto Escondido,MX,2021-10-28 23:16:25,15.85,-97.0667,86.83,58,40,6.91,scattered clouds
432,Bundaberg,AU,2021-10-28 23:16:25,-24.85,152.35,82.69,57,40,11.5,scattered clouds
433,Natal,BR,2021-10-28 23:16:26,-5.795,-35.2094,80.82,74,0,12.66,clear sky
434,Kasongo-Lunda,CD,2021-10-28 23:16:26,-6.4667,16.8167,71.4,92,100,1.16,light rain
435,Dakoro,NE,2021-10-28 23:16:26,14.5106,6.765,87.19,11,98,7.72,overcast clouds
436,Douglas,US,2021-10-28 23:16:27,41.3,-96.167,57.15,76,90,3.0,overcast clouds
437,Mogadishu,SO,2021-10-28 23:16:27,2.0371,45.3438,79.05,75,74,7.49,broken clouds
438,South Venice,US,2021-10-28 23:16:27,27.0531,-82.4243,80.98,75,100,16.11,haze
439,Bangsund,NO,2021-10-28 23:16:28,64.3968,11.3949,50.92,92,100,3.6,overcast clouds
440,Izhma,RU,2021-10-28 23:16:28,65.0083,53.9113,18.19,86,56,10.83,broken clouds
441,Buenos Aires,AR,2021-10-28 23:14:39,-34.6132,-58.3772,83.03,66,0,14.97,clear sky
442,Acarau,BR,2021-10-28 23:16:29,-2.8856,-40.12,80.31,79,22,15.82,few clouds
443,Bam,IR,2021-10-28 23:16:29,29.106,58.357,62.85,28,15,2.33,few clouds
444,Steamboat Springs,US,2021-10-28 23:11:58,40.485,-106.8317,49.71,65,90,5.75,overcast clouds
445,Seoul,KR,2021-10-28 23:16:30,37.5683,126.9778,53.04,81,0,2.3,clear sky
446,Baghdad,IQ,2021-10-28 23:16:30,33.3406,44.4009,78.71,29,0,12.66,clear sky
447,Brunico,IT,2021-10-28 23:16:30,46.7958,11.9364,50.07,63,59,2.77,broken clouds
448,Monteagudo,BO,2021-10-28 23:16:31,-19.8167,-63.9833,87.58,46,33,3.51,scattered clouds
449,Flinders,AU,2021-10-28 23:16:31,-34.5833,150.8552,83.05,49,60,8.01,broken clouds
450,Santa Cruz,BO,2021-10-28 23:12:49,-17.8,-63.1667,80.1,63,32,6.91,scattered clouds
451,Port Lincoln,AU,2021-10-28 23:16:31,-34.7333,135.8667,56.79,60,64,16.64,broken clouds
452,Maningrida,AU,2021-10-28 23:16:32,-12.0667,134.2667,86.85,59,84,5.55,broken clouds
453,Ducheng,CN,2021-10-28 23:16:32,23.2373,111.5317,67.82,84,69,1.43,broken clouds
454,Udachnyy,RU,2021-10-28 23:16:32,66.4167,112.4,6.91,92,100,18.84,overcast clouds
455,Uvinza,TZ,2021-10-28 23:16:33,-5.1036,30.3911,69.98,64,81,2.42,broken clouds
456,Alta Floresta,BR,2021-10-28 23:16:33,-9.8756,-56.0861,74.37,80,57,3.49,broken clouds
457,Boyolangu,ID,2021-10-28 23:16:33,-8.1181,111.8935,77.5,90,100,1.66,moderate rain
458,Dire Dawa,ET,2021-10-28 23:16:34,9.5931,41.8661,65.95,32,2,3.04,clear sky
459,Zhuzhou,CN,2021-10-28 23:16:34,27.8333,113.15,62.73,90,100,2.93,light rain
460,Pachino,IT,2021-10-28 23:16:34,36.7186,15.0907,60.84,90,100,31.63,moderate rain
461,Misratah,LY,2021-10-28 23:16:35,32.3754,15.0925,69.35,68,13,16.51,few clouds
462,Ngunguru,NZ,2021-10-28 23:16:35,-35.6167,174.5,72.16,58,6,6.24,clear sky
463,Shenjiamen,CN,2021-10-28 23:16:35,29.9576,122.298,64.87,63,25,8.05,scattered clouds
464,Byron Bay,AU,2021-10-28 23:14:30,-28.65,153.6167,80.71,76,100,8.28,overcast clouds
465,North Myrtle Beach,US,2021-10-28 23:16:36,33.816,-78.68,71.1,83,90,13.0,overcast clouds
466,Abaza,RU,2021-10-28 23:16:36,52.655,90.0928,26.1,93,18,3.69,few clouds
467,Beloha,MG,2021-10-28 23:16:36,-25.1667,45.05,62.37,68,38,13.09,scattered clouds
468,Issaquah,US,2021-10-28 23:16:37,47.5301,-122.0326,64.15,94,90,4.0,mist
469,Miyang,CN,2021-10-28 23:16:37,24.4042,103.4428,60.24,98,97,3.49,overcast clouds
470,Raudeberg,NO,2021-10-28 23:16:38,61.9875,5.1352,53.2,94,100,10.0,light rain
471,Pensilvania,US,2021-10-28 23:12:54,40.2724,-76.9057,61.63,78,75,4.0,broken clouds
472,Buarcos,PT,2021-10-28 23:16:38,40.166,-8.8768,64.67,96,100,18.95,light rain
473,Touros,BR,2021-10-28 23:16:38,-5.1989,-35.4608,79.7,73,50,17.92,scattered clouds
474,Richards Bay,ZA,2021-10-28 23:16:03,-28.783,32.0377,65.98,73,86,14.07,overcast clouds
475,Bidar,IN,2021-10-28 23:16:39,17.9,77.55,64.74,69,96,7.72,overcast clouds
476,Skjervoy,NO,2021-10-28 23:16:40,70.0311,20.9714,43.79,81,100,10.0,overcast clouds
477,Santa Isabel Do Rio Negro,BR,2021-10-28 23:16:40,-0.4139,-65.0192,74.84,86,87,3.29,overcast clouds
478,Marsh Harbour,BS,2021-10-28 23:16:40,26.5412,-77.0636,81.95,78,90,14.0,overcast clouds
479,Ndago,TZ,2021-10-28 23:16:40,-4.6,34.35,70.41,41,71,11.7,broken clouds
480,Baraboo,US,2021-10-28 23:16:41,43.4711,-89.7443,51.94,92,75,1.99,moderate rain
481,Bima,ID,2021-10-28 23:16:41,-8.4667,118.7167,82.42,76,64,2.35,broken clouds
482,Iwanai,JP,2021-10-28 23:16:42,42.9744,140.5089,49.17,84,89,6.69,overcast clouds
483,Talnakh,RU,2021-10-28 23:16:42,69.4865,88.3972,-7.13,93,95,9.57,overcast clouds
484,Vredendal,ZA,2021-10-28 23:16:42,-31.6683,18.5012,60.62,74,0,5.35,clear sky
485,Neuquen,AR,2021-10-28 23:16:43,-38.9516,-68.0591,82.29,47,20,0.0,few clouds
486,Atbasar,KZ,2021-10-28 23:16:43,51.8,68.3333,32.99,49,91,15.08,overcast clouds
487,Petrivka,UA,2021-10-28 23:16:43,46.9695,30.9591,41.45,73,14,5.86,few clouds
488,Riviere-Au-Renard,CA,2021-10-28 23:16:44,48.9957,-64.3971,44.6,71,15,6.87,few clouds
489,Zhanaozen,KZ,2021-10-28 23:16:44,43.3,52.8,41.63,50,1,12.24,clear sky
490,Batagay-Alyta,RU,2021-10-28 23:16:44,67.8006,130.4114,6.03,92,100,1.39,light snow
491,Lorengau,PG,2021-10-28 23:16:45,-2.0226,147.2712,84.85,69,79,6.4,broken clouds
492,Waitara,NZ,2021-10-28 23:16:45,-38.925,174.25,62.01,86,63,7.9,broken clouds
493,Atambua,ID,2021-10-28 23:16:45,-9.1061,124.8925,80.31,72,99,1.88,overcast clouds
494,Ornskoldsvik,SE,2021-10-28 23:16:46,63.2909,18.7153,41.95,100,75,4.61,fog
495,Ugoofaaru,MV,2021-10-28 23:16:46,5.6667,73.0,80.98,79,90,10.98,overcast clouds
496,Taksimo,RU,2021-10-28 23:16:46,56.3444,114.8794,21.16,74,80,1.83,broken clouds
497,Almeirim,BR,2021-10-28 23:16:47,-1.5233,-52.5817,80.26,68,29,2.55,scattered clouds
498,Pilar,BR,2021-10-28 23:16:47,-9.5972,-35.9567,80.53,90,95,4.36,overcast clouds
499,Iquique,CL,2021-10-28 23:14:01,-20.2208,-70.1431,62.64,75,61,3.04,broken clouds
500,Primero De Enero,CU,2021-10-28 23:16:48,21.9469,-78.4283,84.06,83,100,7.05,overcast clouds
501,Irbeyskoye,RU,2021-10-28 23:16:48,55.6428,95.4522,24.12,61,31,3.89,scattered clouds
502,Ulladulla,AU,2021-10-28 23:16:48,-35.35,150.4667,82.87,41,10,12.53,clear sky
503,Camacha,PT,2021-10-28 23:16:49,33.0833,-16.3333,67.42,78,20,10.36,few clouds
504,Emba,KZ,2021-10-28 23:16:49,48.8264,58.1442,32.36,54,86,8.12,overcast clouds
505,Willmar,US,2021-10-28 23:16:49,45.1219,-95.0433,51.87,76,40,8.05,scattered clouds
506,Fort Saint James,CA,2021-10-28 23:16:50,54.4333,-124.25,40.84,62,100,2.46,overcast clouds
507,Den Helder,NL,2021-10-28 23:14:53,52.9599,4.7593,53.98,84,0,13.0,clear sky
508,Gafanha Da Encarnacao,PT,2021-10-28 23:16:50,40.6181,-8.733,62.89,56,100,17.83,overcast clouds
509,Ust-Maya,RU,2021-10-28 23:16:51,60.4167,134.5333,22.03,95,100,4.14,overcast clouds
510,Manta,EC,2021-10-28 23:16:51,-0.95,-80.7333,76.78,73,40,17.27,scattered clouds
511,Boddam,GB,2021-10-28 23:16:51,57.4667,-1.7833,52.12,94,100,12.77,overcast clouds
512,Saint-Paul,RE,2021-10-28 23:12:52,-21.0096,55.2707,75.31,99,7,1.01,light rain
513,Laela,TZ,2021-10-28 23:16:52,-8.5667,32.05,64.26,62,27,3.13,scattered clouds
514,Oriximina,BR,2021-10-28 23:16:52,-1.7656,-55.8661,82.4,62,30,2.17,scattered clouds
515,San Ramon,US,2021-10-28 23:16:53,37.7799,-121.978,79.21,52,1,1.99,clear sky
516,Padang,ID,2021-10-28 23:12:54,-0.9492,100.3543,78.21,79,100,3.91,overcast clouds
517,Oranjemund,NA,2021-10-28 23:16:53,-28.55,16.4333,58.98,81,0,6.89,clear sky
518,Lardos,GR,2021-10-28 23:16:53,36.0942,28.0157,64.22,64,0,3.62,clear sky
519,Kondinskoye,RU,2021-10-28 23:16:54,59.6481,67.41,34.29,91,100,14.67,overcast clouds
520,High Level,CA,2021-10-28 23:16:54,58.5169,-117.136,44.71,45,75,4.61,broken clouds
521,Isfana,KG,2021-10-28 23:16:54,39.8386,69.5306,34.36,83,81,2.33,broken clouds
522,Balkanabat,TM,2021-10-28 23:16:55,39.5108,54.3671,49.32,54,0,5.48,clear sky
523,Kwinana,AU,2021-10-28 23:16:24,-32.25,115.7667,58.17,71,6,3.0,clear sky
524,San Jose De Buan,PH,2021-10-28 23:16:55,12.0529,125.0251,75.78,97,62,2.66,broken clouds
525,Bardiyah,LY,2021-10-28 23:16:56,31.7561,25.0865,70.45,82,78,8.12,broken clouds
526,Oskarshamn,SE,2021-10-28 23:16:56,57.2645,16.4484,50.81,91,13,8.84,few clouds
527,Wadi Musa,JO,2021-10-28 23:16:56,30.3222,35.4793,63.91,32,52,7.25,broken clouds
528,Yumen,CN,2021-10-28 23:16:56,40.2833,97.2,38.61,39,58,4.65,broken clouds
529,Urusha,RU,2021-10-28 23:16:57,54.05,122.9,31.05,81,100,5.26,overcast clouds
530,Kalmanka,RU,2021-10-28 23:16:57,52.8992,83.5433,25.9,81,92,7.36,overcast clouds
531,Veraval,IN,2021-10-28 23:16:57,20.9,70.3667,78.4,51,47,11.79,scattered clouds
532,Burnie,AU,2021-10-28 23:14:14,-41.0667,145.9167,52.95,86,100,18.1,light rain
533,Faya,SA,2021-10-28 23:16:58,18.3851,42.4509,57.31,59,2,3.31,clear sky
534,Mezen,RU,2021-10-28 23:16:58,65.8522,44.24,23.16,94,100,4.34,overcast clouds
535,Waddan,LY,2021-10-28 23:16:59,29.1614,16.139,68.81,45,80,5.3,broken clouds
536,Topchikha,RU,2021-10-28 23:16:59,52.8192,83.1185,25.38,88,94,8.08,overcast clouds
537,Todos Santos,MX,2021-10-28 23:17:00,23.45,-110.2167,87.12,68,0,5.91,clear sky
538,Guadalupe Y Calvo,MX,2021-10-28 23:17:00,26.1,-106.9667,66.54,37,0,6.17,clear sky
539,Korla,CN,2021-10-28 23:17:01,41.7597,86.1469,46.6,45,40,2.57,scattered clouds
540,Mandurah,AU,2021-10-28 23:17:01,-32.55,115.7,58.15,72,11,10.6,few clouds
541,Kununurra,AU,2021-10-28 23:17:01,-15.7667,128.7333,87.78,58,40,4.61,scattered clouds
542,West Fargo,US,2021-10-28 23:17:02,46.875,-96.9004,51.03,78,20,3.0,few clouds
543,Lavrentiya,RU,2021-10-28 23:16:51,65.5833,-171.0,17.55,82,100,6.85,overcast clouds
544,Canberra,AU,2021-10-28 23:12:48,-35.2835,149.1281,66.74,47,90,3.0,overcast clouds
545,Solone,UA,2021-10-28 23:17:03,48.2081,34.8721,50.05,84,75,7.16,broken clouds
546,Inuvik,CA,2021-10-28 23:16:32,68.3499,-133.7218,27.46,93,75,1.14,broken clouds
547,Vilhena,BR,2021-10-28 23:17:03,-12.7406,-60.1458,77.22,83,20,5.75,few clouds
548,Adre,TD,2021-10-28 23:17:04,13.4667,22.2,75.99,17,67,11.23,broken clouds
549,Nazareno,MX,2021-10-28 23:17:04,25.3833,-103.4167,79.11,12,0,7.52,clear sky
550,Mineiros,BR,2021-10-28 23:14:32,-17.5694,-52.5511,70.57,87,100,6.17,light rain
551,Mwinilunga,ZM,2021-10-28 23:17:05,-11.7358,24.4293,66.34,73,87,0.67,overcast clouds
552,Santa Cruz Cabralia,BR,2021-10-28 23:17:05,-16.2781,-39.0247,75.43,83,40,6.91,scattered clouds
553,Gushi,CN,2021-10-28 23:17:05,34.6425,109.5843,57.04,76,100,4.07,overcast clouds
554,Hyeres,FR,2021-10-28 23:14:10,43.1167,6.1167,62.42,76,0,5.75,clear sky
555,Cheremukhovo,RU,2021-10-28 23:17:06,60.3484,59.9851,22.17,63,61,15.66,broken clouds
556,Takoradi,GH,2021-10-28 23:17:06,4.8845,-1.7554,78.37,86,50,4.25,scattered clouds
557,Madang,PG,2021-10-28 23:17:06,-5.2246,145.7966,80.31,87,98,2.68,overcast clouds
558,Chaah,MY,2021-10-28 23:17:07,2.249,103.048,75.83,95,98,0.54,overcast clouds
559,Felanitx,ES,2021-10-28 23:17:07,39.4696,3.1483,57.13,76,16,3.36,few clouds
560,Wuan,CN,2021-10-28 23:17:07,31.6836,112.0044,58.37,72,74,3.78,broken clouds
561,Vanimo,PG,2021-10-28 23:17:08,-2.6741,141.3028,80.56,84,95,4.52,overcast clouds
562,Kamiiso,JP,2021-10-28 23:17:08,41.8167,140.65,53.98,66,20,8.05,few clouds
563,Paamiut,GL,2021-10-28 23:17:08,61.994,-49.6678,33.57,74,100,15.21,overcast clouds
564,Alma,CA,2021-10-28 23:17:09,48.5501,-71.6491,41.11,78,0,1.28,clear sky
565,Mayo,US,2021-10-28 23:17:09,38.8876,-76.5119,63.55,81,90,4.0,overcast clouds
566,Povenets,RU,2021-10-28 23:17:09,62.8487,34.8262,37.56,87,100,15.99,light rain
567,Ixtapa,MX,2021-10-28 23:15:33,20.7,-105.2,85.23,70,20,10.36,few clouds
568,Gigmoto,PH,2021-10-28 23:17:10,13.7796,124.39,80.4,81,50,13.62,scattered clouds
569,Jaguaruana,BR,2021-10-28 23:17:10,-4.8339,-37.7811,84.29,74,36,10.87,scattered clouds
570,Jumla,NP,2021-10-28 23:17:11,29.2747,82.1838,42.75,64,0,4.52,clear sky
571,Sunndalsora,NO,2021-10-28 23:17:11,62.6754,8.5515,48.85,95,100,6.33,light rain
572,Ostuacan,MX,2021-10-28 23:17:11,17.4167,-93.3,75.65,91,52,5.68,broken clouds
573,Gerash,IR,2021-10-28 23:17:12,27.6652,54.1371,66.52,70,95,1.25,overcast clouds
574,Mafeteng,LS,2021-10-28 23:17:12,-29.823,27.2374,56.34,84,100,12.1,light rain
575,Sisimiut,GL,2021-10-28 23:17:12,66.9395,-53.6735,27.88,96,100,12.1,light snow
576,Ilaya,PH,2021-10-28 23:17:12,5.8153,125.2267,80.89,73,20,4.79,few clouds
577,Jundia,BR,2021-10-28 23:17:13,-8.9347,-35.5736,80.42,91,89,3.22,overcast clouds
578,Sungurlu,TR,2021-10-28 23:17:13,40.1675,34.3739,46.72,77,63,4.81,broken clouds
579,Puerto Baquerizo Moreno,EC,2021-10-28 23:17:14,-0.9,-89.6,69.85,87,46,12.59,scattered clouds
580,Porto Novo,BJ,2021-10-28 23:17:14,6.4965,2.6036,77.76,83,12,3.31,few clouds
581,Prado,BR,2021-10-28 23:17:14,-17.3411,-39.2208,73.9,80,20,9.13,few clouds
582,Angoche,MZ,2021-10-28 23:17:15,-16.2325,39.9086,75.13,67,16,16.64,light rain
583,Yanji,CN,2021-10-28 23:17:15,42.9075,129.5078,39.0,67,0,0.81,clear sky
584,Daru,PG,2021-10-28 23:17:15,-9.0763,143.2092,82.56,76,100,11.9,overcast clouds
585,At-Bashi,KG,2021-10-28 23:17:16,41.1702,75.8106,35.94,68,100,2.64,overcast clouds
586,Sao Joao Da Barra,BR,2021-10-28 23:17:16,-21.6403,-41.0511,73.18,87,79,9.98,broken clouds
587,Port-Gentil,GA,2021-10-28 23:17:16,-0.7193,8.7815,78.85,85,98,11.39,light rain
588,Tanda,IN,2021-10-28 23:17:17,26.55,82.65,65.91,67,0,4.68,clear sky
589,Whitecourt,CA,2021-10-28 23:17:17,54.1502,-115.6855,43.84,42,90,0.0,overcast clouds
590,Nantucket,US,2021-10-28 23:12:21,41.2835,-70.0995,52.97,78,100,23.85,overcast clouds
591,Xiaoyi,CN,2021-10-28 23:17:17,34.6178,109.703,57.27,76,100,3.62,overcast clouds
592,Tres Arroyos,AR,2021-10-28 23:17:18,-38.3739,-60.2798,79.61,48,84,14.83,broken clouds
593,Tsevie,TG,2021-10-28 23:17:18,6.4261,1.2133,75.88,88,28,3.04,scattered clouds
594,Bangassou,CF,2021-10-28 23:17:18,4.7413,22.8184,69.94,98,100,1.68,overcast clouds
595,Herat,AF,2021-10-28 23:17:19,34.5,62.0,45.18,62,7,5.59,clear sky
596,Bilibino,RU,2021-10-28 23:17:19,68.0546,166.4372,-17.64,95,14,3.18,few clouds
597,Fare,PF,2021-10-28 23:17:20,-16.7,-151.0167,79.18,78,39,10.38,moderate rain
598,Sorong,ID,2021-10-28 23:17:20,-0.8833,131.25,81.72,81,94,10.38,overcast clouds
599,Matara,LK,2021-10-28 23:17:20,5.9485,80.5353,75.0,96,100,4.27,overcast clouds
600,Longyearbyen,SJ,2021-10-28 23:17:21,78.2186,15.6401,17.44,79,0,6.91,clear sky
601,Tiarei,PF,2021-10-28 23:17:21,-17.5333,-149.3333,73.42,81,66,12.12,light rain
602,Aquiraz,BR,2021-10-28 23:17:21,-3.9014,-38.3911,82.49,77,6,12.28,clear sky
603,Oulainen,FI,2021-10-28 23:17:22,64.2667,24.8,46.26,98,100,5.79,overcast clouds
604,Altay,CN,2021-10-28 23:17:22,47.8667,88.1167,35.35,63,76,5.59,broken clouds
605,Mchinji,MW,2021-10-28 23:17:22,-13.7984,32.8802,62.55,64,7,5.17,clear sky
606,Rio Grande,BR,2021-10-28 23:12:43,-32.035,-52.0986,70.95,88,0,14.23,light rain
607,Pizarro,CO,2021-10-28 23:17:23,4.9533,-77.366,79.16,86,45,7.0,light rain
608,Umea,SE,2021-10-28 23:15:05,63.8284,20.2597,39.13,100,90,2.3,overcast clouds
609,Gander,CA,2021-10-28 23:17:24,48.9682,-54.5906,35.73,93,90,17.0,light intensity drizzle
610,Sangar,RU,2021-10-28 23:17:24,63.9242,127.4739,19.02,95,100,7.27,light snow
611,Biltine,TD,2021-10-28 23:17:24,14.5333,20.9167,81.36,16,60,6.89,broken clouds
612,Fort-Shevchenko,KZ,2021-10-28 23:17:25,44.5086,50.263,54.3,83,97,20.92,overcast clouds
613,Lima,PE,2021-10-28 23:17:25,-12.0432,-77.0282,68.9,72,40,12.66,scattered clouds
614,Pula,HR,2021-10-28 23:17:26,44.8683,13.8481,52.66,81,0,4.61,clear sky
615,Kulhudhuffushi,MV,2021-10-28 23:17:26,6.6221,73.07,80.69,77,68,10.18,broken clouds
616,College,US,2021-10-28 23:13:12,64.8569,-147.8028,26.55,88,75,3.44,broken clouds
617,Greytown,ZA,2021-10-28 23:17:26,-29.0642,30.5928,55.42,87,100,3.22,overcast clouds
618,Kimbe,PG,2021-10-28 23:13:23,-5.5502,150.1429,86.97,64,82,1.5,broken clouds
619,Farmington,US,2021-10-28 23:17:27,36.7281,-108.2187,67.21,31,1,26.46,clear sky
620,Ketchikan,US,2021-10-28 23:17:27,55.3422,-131.6461,43.27,81,75,5.75,light rain
621,Kaeo,NZ,2021-10-28 23:17:28,-35.1,173.7833,72.32,63,20,11.16,few clouds
622,Luau,AO,2021-10-28 23:17:28,-10.7073,22.2247,64.56,93,100,1.74,light rain
623,Burgeo,CA,2021-10-28 23:15:27,47.6167,-57.6152,40.05,77,100,25.68,overcast clouds
624,Fairbanks,US,2021-10-28 23:12:37,64.8378,-147.7164,29.23,88,75,0.0,broken clouds
625,Baykit,RU,2021-10-28 23:17:29,61.67,96.37,12.42,98,98,3.06,overcast clouds
626,Monte Patria,CL,2021-10-28 23:17:29,-30.6919,-70.9467,76.53,38,71,4.7,broken clouds
627,Chernyshevsk,RU,2021-10-28 23:17:29,52.5243,117.0174,33.75,69,91,4.5,overcast clouds
628,Puerto Del Rosario,ES,2021-10-28 23:17:30,28.5004,-13.8627,69.55,73,18,6.91,few clouds
629,Mae Sai,TH,2021-10-28 23:17:30,20.4335,99.8762,72.72,90,100,1.57,overcast clouds
630,Hammerfest,NO,2021-10-28 23:17:30,70.6634,23.6821,37.85,81,75,12.66,broken clouds
631,Aleksandrovskiy Zavod,RU,2021-10-28 23:17:31,50.9237,117.9374,31.06,81,28,3.91,scattered clouds
632,Hazorasp,UZ,2021-10-28 23:17:31,41.3194,61.0742,30.04,45,0,5.57,clear sky
633,Seybaplaya,MX,2021-10-28 23:17:31,19.65,-90.6667,81.86,74,94,13.33,overcast clouds
634,Khasan,RU,2021-10-28 23:17:32,42.4308,130.6434,44.55,58,0,4.9,clear sky
635,Tobol,KZ,2021-10-28 23:17:32,52.6844,62.5794,36.45,69,100,14.63,overcast clouds
636,Stornoway,GB,2021-10-28 23:17:18,58.2093,-6.3865,52.93,87,34,12.66,scattered clouds
637,Milazzo,IT,2021-10-28 23:17:33,38.2212,15.2383,66.18,78,100,3.0,overcast clouds
638,Bogorodskoye,RU,2021-10-28 23:17:33,56.55,37.8833,39.4,94,100,0.72,overcast clouds
639,Namatanai,PG,2021-10-28 23:13:27,-3.6667,152.4333,85.6,66,97,5.08,overcast clouds
640,Juneau,US,2021-10-28 23:15:16,58.3019,-134.4197,43.21,89,90,5.75,light rain
641,Alice Springs,AU,2021-10-28 23:17:33,-23.7,133.8833,74.75,17,61,18.41,broken clouds
642,Koshurnikovo,RU,2021-10-28 23:17:34,54.1667,93.3,23.43,66,8,2.91,clear sky
643,Presidente Medici,BR,2021-10-28 23:13:26,-11.1753,-61.9014,76.33,87,82,2.33,light rain
644,Tabuk,PH,2021-10-28 23:17:34,17.4189,121.4443,72.59,86,37,1.66,scattered clouds
645,Coquimbo,CL,2021-10-28 23:13:03,-29.9533,-71.3436,55.13,94,75,6.91,broken clouds
646,Tabou,CI,2021-10-28 23:17:35,4.423,-7.3528,78.08,85,93,4.9,overcast clouds
647,Pontes E Lacerda,BR,2021-10-28 23:17:35,-15.2261,-59.3353,73.2,90,98,3.27,light rain
648,Nyurba,RU,2021-10-28 23:17:35,63.2842,118.3319,20.82,88,100,12.64,light snow
649,Caramay,PH,2021-10-28 23:17:36,10.1815,119.236,78.82,87,99,4.83,light rain
650,Egvekinot,RU,2021-10-28 23:12:55,66.3167,-179.1667,1.42,93,97,1.03,overcast clouds
651,Dongying,CN,2021-10-28 23:17:36,37.4564,118.4856,56.32,51,36,2.24,scattered clouds
652,Okha,RU,2021-10-28 23:17:36,53.5739,142.9478,35.28,86,14,4.16,few clouds
653,Nemours,FR,2021-10-28 23:17:37,48.2751,2.6908,54.79,75,1,9.95,clear sky
654,Abriaqui,CO,2021-10-28 23:17:37,6.6315,-76.0644,59.27,96,76,2.89,broken clouds
655,Kirakira,SB,2021-10-28 23:17:37,-10.4544,161.9205,87.13,66,36,10.98,scattered clouds
656,Samut Sakhon,TH,2021-10-28 23:17:38,13.5833,100.3,80.02,86,99,4.63,overcast clouds
657,Half Moon Bay,US,2021-10-28 23:17:38,37.4636,-122.4286,80.78,54,1,3.0,clear sky
658,Boa Vista,BR,2021-10-28 23:17:39,2.8197,-60.6733,82.38,74,20,9.22,few clouds
659,San Policarpo,PH,2021-10-28 23:17:39,12.1791,125.5072,80.42,81,98,6.35,overcast clouds
660,Ayan,RU,2021-10-28 23:17:39,56.45,138.1667,38.37,61,99,3.15,overcast clouds
661,Walvis Bay,NA,2021-10-28 23:17:40,-22.9575,14.5053,60.1,88,58,3.44,broken clouds
662,Mana,GF,2021-10-28 23:17:40,5.6592,-53.7767,78.82,87,92,8.9,light rain
663,Nouakchott,MR,2021-10-28 23:17:40,18.0858,-15.9785,80.53,68,100,17.56,overcast clouds
664,Kloulklubed,PW,2021-10-28 23:17:41,7.0419,134.2556,84.7,69,72,15.59,broken clouds
665,Bonito Oriental,HN,2021-10-28 23:17:41,15.7477,-85.7356,87.42,71,59,1.74,broken clouds
666,Namibe,AO,2021-10-28 23:17:41,-15.1961,12.1522,66.85,68,32,5.77,scattered clouds
667,Prachin Buri,TH,2021-10-28 23:17:42,14.0833,101.6667,72.93,96,66,3.29,broken clouds
668,Soyo,AO,2021-10-28 23:17:42,-6.1349,12.3689,76.66,80,23,8.01,few clouds
669,Ucluelet,CA,2021-10-28 23:15:27,48.9329,-125.5528,51.1,89,100,6.33,overcast clouds
670,Altinho,BR,2021-10-28 23:17:43,-8.4897,-36.0594,68.34,94,100,6.33,overcast clouds
671,Nouadhibou,MR,2021-10-28 23:17:43,20.931,-17.0347,69.78,64,6,12.66,clear sky
672,Port Hardy,CA,2021-10-28 23:15:27,50.6996,-127.4199,48.38,87,75,5.75,light intensity shower rain
673,Luba,GQ,2021-10-28 23:17:43,3.4568,8.5547,78.69,86,52,4.27,light rain
674,Shahr-E Kord,IR,2021-10-28 23:17:44,32.3256,50.8644,29.97,37,0,2.3,clear sky
675,Sambava,MG,2021-10-28 23:17:44,-14.2667,50.1667,73.85,85,61,4.81,broken clouds
676,Zapolyarnyy,RU,2021-10-28 23:13:51,69.4154,30.8136,29.48,96,100,12.5,light snow
677,Fairfield,US,2021-10-28 23:13:35,41.2668,-73.3162,54.64,81,90,4.61,overcast clouds
678,Brandenburg,DE,2021-10-28 23:17:45,52.4167,12.55,48.99,76,29,7.29,scattered clouds
679,Rozkishne,UA,2021-10-28 23:17:45,48.5074,39.3004,49.51,84,99,8.32,overcast clouds
680,Itaperucu,BR,2021-10-28 23:17:45,-25.22,-49.3478,62.8,98,99,3.15,overcast clouds
681,Presidencia Roque Saenz Pena,AR,2021-10-28 23:17:46,-26.7852,-60.4388,82.83,29,0,7.27,clear sky
682,Kalaleh,IR,2021-10-28 23:17:46,37.3807,55.4916,53.19,36,0,3.69,clear sky
683,Nehe,CN,2021-10-28 23:17:46,48.4833,124.8333,37.58,65,5,8.05,clear sky
684,Zaysan,KZ,2021-10-28 23:17:47,47.4667,84.8667,44.58,80,91,0.94,overcast clouds
685,San Jose,US,2021-10-28 23:15:59,37.3394,-121.895,81.09,53,1,8.05,clear sky
686,Lufilufi,WS,2021-10-28 23:17:47,-13.8745,-171.5986,83.98,73,74,19.22,broken clouds
687,Pangnirtung,CA,2021-10-28 23:17:48,66.1451,-65.7125,30.15,99,100,3.09,snow
